frame,BOX_conf,TOE_conf,HOSEL_conf,GRIP_conf
1.0,,,,
2.0,0.5045973062515259,0.9477837085723877,0.9500491619110107,0.404791921377182
3.0,0.41165387630462646,0.9384352564811707,0.9414684176445007,0.38671383261680603
4.0,0.5408502221107483,0.9314869046211243,0.9345595240592957,0.4293304979801178
5.0,0.7493060231208801,0.9532058238983154,0.9542644023895264,0.5582044124603271
6.0,0.7063515186309814,0.967099130153656,0.9675957560539246,0.5058170557022095
7.0,0.5964409708976746,0.9653126001358032,0.9660879373550415,0.46692031621932983
8.0,0.33070799708366394,0.9673604369163513,0.968726396560669,0.40132132172584534
9.0,0.5558322072029114,0.9633630514144897,0.9639738202095032,0.47213220596313477
10.0,0.557891845703125,0.9628664255142212,0.9636392593383789,0.46716779470443726
11.0,0.6994248628616333,0.9619874954223633,0.962454617023468,0.5260778069496155
12.0,0.76337730884552,0.9590325951576233,0.9594306349754333,0.5932431817054749
13.0,0.3989368677139282,0.9566868543624878,0.957251787185669,0.4507076144218445
14.0,0.5252875089645386,0.9554573893547058,0.9561163187026978,0.4767230749130249
15.0,0.4975660741329193,0.9528942108154297,0.9533690214157104,0.4800332486629486
16.0,0.40957239270210266,0.9555885195732117,0.9563489556312561,0.4527510702610016
17.0,0.5178592205047607,0.954658031463623,0.9552643299102783,0.47916126251220703
18.0,0.4782470464706421,0.9596241116523743,0.9603241086006165,0.46563220024108887
19.0,0.37079647183418274,0.954145610332489,0.9550779461860657,0.43348973989486694
20.0,0.5849330425262451,0.9528412818908691,0.9533640146255493,0.5037655234336853
21.0,0.5759485960006714,0.9562349915504456,0.9569264054298401,0.48353996872901917
22.0,0.3815884590148926,0.9595513343811035,0.9608792066574097,0.41023531556129456
23.0,0.45188331604003906,0.9556589722633362,0.9569661021232605,0.4258846342563629
24.0,0.48442697525024414,0.953211784362793,0.9546133875846863,0.44227883219718933
25.0,0.7742041349411011,0.928019642829895,0.9319302439689636,0.6773454546928406
26.0,0.7832123637199402,0.9397318959236145,0.9422814846038818,0.6521528363227844
27.0,0.7838187217712402,0.9341675639152527,0.9377998113632202,0.6874313354492188
28.0,0.7887589931488037,0.9377070069313049,0.940453052520752,0.684364378452301
29.0,0.7835747599601746,0.935231626033783,0.9379462003707886,0.671980619430542
30.0,0.75499027967453,0.9281409978866577,0.9308399558067322,0.633303701877594
31.0,0.7612096667289734,0.9191131591796875,0.9226990938186646,0.656315267086029
32.0,0.6462980508804321,0.9471493363380432,0.9487504959106445,0.49470850825309753
33.0,0.5890676379203796,0.9490659832954407,0.9511275291442871,0.4447984993457794
34.0,0.6822779774665833,0.9495957493782043,0.9512749314308167,0.4923573434352875
35.0,0.6547791957855225,0.9492189884185791,0.9506171345710754,0.4918752610683441
36.0,0.6586306691169739,0.9531049132347107,0.9545692205429077,0.4850725531578064
37.0,0.5559343695640564,0.9508835077285767,0.9525986909866333,0.4402698576450348
38.0,0.5002087354660034,0.039659321308135986,0.06804344058036804,0.9165992140769958
39.0,0.47292450070381165,0.039886776357889175,0.06749992817640305,0.9134232401847839
40.0,0.5209568738937378,0.9492828845977783,0.9508495926856995,0.43621155619621277
41.0,0.5220724940299988,0.9444534182548523,0.9461638331413269,0.43902844190597534
42.0,0.41607969999313354,0.03873812407255173,0.06696838140487671,0.9134160280227661
43.0,0.5335923433303833,0.9526789784431458,0.9546187520027161,0.4231821298599243
44.0,0.48681437969207764,0.9525819420814514,0.9547253251075745,0.4123173952102661
45.0,0.47287747263908386,0.9468091726303101,0.9490535855293274,0.4140298366546631
46.0,0.44808629155158997,0.9418322443962097,0.944324254989624,0.41040557622909546
47.0,0.4174521863460541,0.9341469407081604,0.9365091323852539,0.40396395325660706
48.0,0.4063902795314789,0.04178304597735405,0.07244686782360077,0.912706732749939
49.0,0.5765219926834106,0.9142860174179077,0.9172942042350769,0.48994871973991394
50.0,0.3267231583595276,0.9290122389793396,0.9308496117591858,0.4229700565338135
51.0,0.41873079538345337,0.04498455673456192,0.07918033748865128,0.9167113900184631
52.0,0.36477866768836975,0.04644273966550827,0.08230794221162796,0.9145495891571045
53.0,0.360819548368454,0.9144485592842102,0.9171002507209778,0.43616828322410583
54.0,0.49186742305755615,0.8827787041664124,0.8868392705917358,0.5171100497245789
55.0,0.5264459848403931,0.8950909376144409,0.8988955020904541,0.5093414783477783
56.0,0.5904176831245422,0.9085413813591003,0.9121904969215393,0.5382072329521179
57.0,0.534993052482605,0.907772958278656,0.9116306900978088,0.5126944184303284
58.0,0.4002686142921448,0.9333874583244324,0.935968279838562,0.44322463870048523
59.0,0.41533520817756653,0.9243248701095581,0.926726222038269,0.46601131558418274
60.0,0.4519084393978119,0.9236487150192261,0.9257492423057556,0.4903649091720581
61.0,0.524304986000061,0.9047751426696777,0.9058405756950378,0.5775109529495239
62.0,0.6173470616340637,0.9165711998939514,0.9178420305252075,0.5789395570755005
63.0,0.6210526823997498,0.9171930551528931,0.9183053374290466,0.5738440752029419
64.0,0.6058163642883301,0.9102017879486084,0.9113752841949463,0.591200053691864
65.0,0.5963936448097229,0.9254781603813171,0.9260170459747314,0.5555813908576965
66.0,0.5763028264045715,0.9230664372444153,0.9236170649528503,0.5465381145477295
67.0,0.5752921104431152,0.9234805107116699,0.9242658019065857,0.5517448782920837
68.0,0.6168639063835144,0.9255716800689697,0.9266339540481567,0.5651036500930786
69.0,0.6386629343032837,0.9264856576919556,0.927788257598877,0.5752808451652527
70.0,0.5999862551689148,0.9254493713378906,0.9263713955879211,0.5536778569221497
71.0,0.6858658194541931,0.9219257831573486,0.9235783219337463,0.5901082158088684
72.0,0.6554938554763794,0.9203963279724121,0.922502338886261,0.5594900846481323
73.0,0.4963928461074829,0.9132925868034363,0.9149618148803711,0.5086088180541992
74.0,0.5250235199928284,0.9268354773521423,0.9272750020027161,0.5465672612190247
75.0,0.5916116833686829,0.9372363090515137,0.9376537799835205,0.5675346255302429
76.0,0.6392717361450195,0.9363546967506409,0.9370280504226685,0.6050661206245422
77.0,0.6921297311782837,0.9332109689712524,0.9346441626548767,0.6317071914672852
78.0,0.6696699857711792,0.9304446578025818,0.9314214587211609,0.618246853351593
79.0,0.6645634770393372,0.9147674441337585,0.9164668321609497,0.618930995464325
80.0,0.6956331133842468,0.9130949378013611,0.9153774976730347,0.6438165307044983
81.0,0.659220278263092,0.8932764530181885,0.8969409465789795,0.6432828903198242
82.0,0.5684836506843567,0.9114362597465515,0.9124979972839355,0.5877989530563354
83.0,0.6870495676994324,0.9383869767189026,0.9388594627380371,0.5994710326194763
84.0,0.6765064001083374,0.9388668537139893,0.9393635988235474,0.5808168053627014
85.0,0.4895291030406952,0.9121459722518921,0.9155241250991821,0.5102505683898926
86.0,0.521990180015564,0.9166303873062134,0.919535219669342,0.512974202632904
87.0,0.5933437347412109,0.9176443219184875,0.9207311272621155,0.5188714265823364
88.0,0.6050376892089844,0.9128496646881104,0.9161611795425415,0.53876131772995
89.0,0.5994342565536499,0.9047238826751709,0.9085260033607483,0.5375943779945374
90.0,0.5374141335487366,0.9055888652801514,0.9091074466705322,0.5059621334075928
91.0,0.5471248030662537,0.8845499157905579,0.8900267481803894,0.537752091884613
92.0,0.6267693042755127,0.9068463444709778,0.90910804271698,0.5901825428009033
93.0,0.5978378653526306,0.8938934206962585,0.8970839977264404,0.6019956469535828
94.0,0.5949128270149231,0.8796873688697815,0.8849966526031494,0.6278663277626038
95.0,0.6472228765487671,0.9035146832466125,0.9072295427322388,0.6183039546012878
96.0,0.5697340965270996,0.9076383709907532,0.9097968339920044,0.5910975337028503
97.0,0.5526677370071411,0.8930408954620361,0.8966929316520691,0.5700405240058899
98.0,0.5915451049804688,0.8765090703964233,0.8812040686607361,0.6135550141334534
99.0,0.6260848641395569,0.8942223787307739,0.8980396389961243,0.6244523525238037
100.0,0.5923672318458557,0.8921447992324829,0.8957436680793762,0.6054621338844299
101.0,0.6408926844596863,0.9272773265838623,0.9291260242462158,0.5727723836898804
102.0,0.6973111033439636,0.929972231388092,0.93182373046875,0.6203855872154236
103.0,0.7244631052017212,0.9211353063583374,0.9239341616630554,0.6371200680732727
104.0,0.6284704208374023,0.8671532273292542,0.8782531023025513,0.5875433087348938
105.0,0.6504698991775513,0.8711437582969666,0.8819991946220398,0.6150452494621277
106.0,0.661811888217926,0.9264878630638123,0.9281390309333801,0.5581653118133545
107.0,0.7097153067588806,0.9243643879890442,0.9270369410514832,0.5988447070121765
108.0,0.6328686475753784,0.8979538679122925,0.9044798016548157,0.5908313393592834
109.0,0.592441201210022,0.8676104545593262,0.8743061423301697,0.6209339499473572
110.0,0.5355327725410461,0.8925545811653137,0.8955039978027344,0.5724403262138367
111.0,0.5337226390838623,0.8534260392189026,0.8601943254470825,0.5987475514411926
112.0,0.5241266489028931,0.8650198578834534,0.8715648651123047,0.5955095887184143
113.0,0.4243028461933136,0.885312557220459,0.889613687992096,0.5348867774009705
114.0,0.41973841190338135,0.9064845442771912,0.908699631690979,0.5001503825187683
115.0,0.384186714887619,0.040976714342832565,0.07339758425951004,0.9209677577018738
116.0,0.4085838794708252,0.9106013178825378,0.9129301309585571,0.4922509491443634
117.0,0.48503345251083374,0.9171028733253479,0.9189174175262451,0.5090042948722839
118.0,0.35597720742225647,0.9298117160797119,0.9308984279632568,0.4622909128665924
119.0,0.3429921865463257,0.038854025304317474,0.06879393011331558,0.9187939167022705
120.0,0.399271696805954,0.03842594847083092,0.0682833343744278,0.921108603477478
121.0,0.5641711354255676,0.9219771027565002,0.9244239926338196,0.5494347810745239
122.0,0.5237360000610352,0.9253438115119934,0.9268101453781128,0.5562496185302734
123.0,0.4333215653896332,0.9184953570365906,0.9208319783210754,0.49709439277648926
124.0,0.6054279804229736,0.9133568406105042,0.9168872833251953,0.5650844573974609
125.0,0.5096273422241211,0.9177777767181396,0.9198518991470337,0.5292631983757019
126.0,0.548199474811554,0.9233072996139526,0.9252158403396606,0.5251457691192627
127.0,0.7063397765159607,0.9117184281349182,0.9160781502723694,0.6538557410240173
128.0,0.7242574095726013,0.9129982590675354,0.9183328747749329,0.6665282845497131
129.0,0.6423794627189636,0.9086688160896301,0.9116321802139282,0.5986903309822083
130.0,0.710145890712738,0.927812933921814,0.9301806092262268,0.6004406213760376
131.0,0.7206405997276306,0.9295029640197754,0.9319830536842346,0.6222235560417175
132.0,0.6960458755493164,0.9239399433135986,0.9269042015075684,0.6162751317024231
133.0,0.5536073446273804,0.9316109418869019,0.9327487945556641,0.5786798000335693
134.0,0.5736408829689026,0.938269853591919,0.9392113089561462,0.5688672661781311
135.0,0.5667120814323425,0.9312504529953003,0.932242214679718,0.5775558352470398
136.0,0.57799232006073,0.9224122762680054,0.9239934086799622,0.6069936752319336
137.0,0.5852208137512207,0.9198100566864014,0.9214565753936768,0.5961742997169495
138.0,0.4853651225566864,0.9174219369888306,0.9188074469566345,0.5498050451278687
139.0,0.5720395445823669,0.9003766775131226,0.9027664661407471,0.5998192429542542
140.0,0.46535781025886536,0.924628734588623,0.9251280426979065,0.5409836769104004
141.0,0.44331175088882446,0.9275290369987488,0.9280453324317932,0.5271502137184143
142.0,0.5628836154937744,0.9237207174301147,0.9248208403587341,0.5722731947898865
143.0,0.545161783695221,0.9129775166511536,0.9145610332489014,0.5961293578147888
144.0,0.5669761896133423,0.9173353314399719,0.9191017746925354,0.5897532105445862
145.0,0.328123539686203,0.04129016026854515,0.07118400931358337,0.9123148322105408
146.0,0.3903680443763733,0.9054734706878662,0.9064159989356995,0.5501083731651306
147.0,0.44811221957206726,0.9179893732070923,0.918696939945221,0.541718602180481
148.0,0.5623020529747009,0.9193721413612366,0.9209414720535278,0.5814720392227173
149.0,0.5998807549476624,0.9070404171943665,0.9094574451446533,0.6156730651855469
150.0,0.5166881084442139,0.9086440205574036,0.9103854298591614,0.5851628184318542
151.0,0.5831806659698486,0.9130695462226868,0.9154835939407349,0.5995768904685974
152.0,0.672691285610199,0.9173340201377869,0.9200395941734314,0.6152667999267578
153.0,0.7330965399742126,0.9181885123252869,0.9226361513137817,0.6839808821678162
154.0,0.7288342118263245,0.921930193901062,0.9260517358779907,0.6840898394584656
155.0,0.7178758978843689,0.9121538400650024,0.9175692200660706,0.6946535110473633
156.0,0.6964032649993896,0.9059157967567444,0.911155104637146,0.6824846863746643
157.0,0.5516817569732666,0.9186983704566956,0.9208196401596069,0.5659564137458801
158.0,0.6318594813346863,0.9256914854049683,0.9274477362632751,0.5890341997146606
159.0,0.6139411330223083,0.9238203763961792,0.9259588122367859,0.5980815291404724
160.0,0.628793478012085,0.9190675616264343,0.9220799207687378,0.629866898059845
161.0,0.5410680770874023,0.9133177399635315,0.9152230024337769,0.572390079498291
162.0,0.6163467168807983,0.9144512414932251,0.916976273059845,0.6051543354988098
163.0,0.5881949663162231,0.9121187329292297,0.9138715863227844,0.5894070863723755
164.0,0.35413888096809387,0.9167382717132568,0.917214572429657,0.5107012391090393
165.0,0.2788468897342682,0.9140005111694336,0.9143345355987549,0.49300557374954224
166.0,0.4328814446926117,0.9108136296272278,0.9124382734298706,0.5332679152488708
167.0,0.5271774530410767,0.9083588719367981,0.9101904034614563,0.5544620156288147
168.0,0.537686288356781,0.9042990207672119,0.9067007899284363,0.5547763109207153
169.0,0.6382299661636353,0.9153982400894165,0.9183836579322815,0.6084359884262085
170.0,0.6371921300888062,0.9167214632034302,0.9193260073661804,0.6203830242156982
171.0,0.5774930119514465,0.9125498533248901,0.9153618216514587,0.5863977670669556
172.0,0.5179485082626343,0.9109801054000854,0.9135015606880188,0.5650568008422852
173.0,0.44288861751556396,0.9147032499313354,0.9165732860565186,0.5170160531997681
174.0,0.39453694224357605,0.9093695878982544,0.91148442029953,0.5036845207214355
175.0,0.43584710359573364,0.9025799632072449,0.9044843912124634,0.5424997210502625
176.0,0.38081929087638855,0.035421907901763916,0.06226757541298866,0.9202075004577637
177.0,0.4747218191623688,0.038599736988544464,0.0660192221403122,0.9168919920921326
178.0,0.45582064986228943,0.03821858391165733,0.06572261452674866,0.9164832830429077
179.0,0.32966941595077515,0.03868970274925232,0.06613472104072571,0.9082726240158081
180.0,0.39017343521118164,0.9098101854324341,0.9111117124557495,0.5360754132270813
181.0,0.2665680944919586,0.9230332970619202,0.9236171841621399,0.47107988595962524
182.0,0.2913123071193695,0.0403229184448719,0.06710638850927353,0.8958379626274109
183.0,,,,
184.0,0.4423031210899353,0.8948255181312561,0.8965901732444763,0.591332197189331
185.0,0.461710125207901,0.9064557552337646,0.9081730246543884,0.5680448412895203
186.0,0.49279657006263733,0.9035415649414062,0.9054324626922607,0.6012120246887207
187.0,0.4847152531147003,0.8954906463623047,0.8981237411499023,0.6136743426322937
188.0,0.4092344045639038,0.8948939442634583,0.8962650299072266,0.5892931222915649
189.0,0.3909403085708618,0.8917514681816101,0.8929848074913025,0.5832251906394958
190.0,0.4209408164024353,0.8980202078819275,0.8988949656486511,0.5752134323120117
191.0,0.3121269941329956,0.04138929769396782,0.06650684028863907,0.8988754749298096
192.0,0.35141703486442566,0.04345424845814705,0.06975401192903519,0.9008318185806274
193.0,0.372539758682251,0.04118026793003082,0.07191047072410583,0.9133620262145996
194.0,0.4853347837924957,0.03962927311658859,0.06686559319496155,0.9135355949401855
195.0,0.466932475566864,0.0411263108253479,0.07063836604356766,0.917350709438324
196.0,0.41981470584869385,0.04311336949467659,0.07413242012262344,0.9142631888389587
197.0,0.41849973797798157,0.9270337820053101,0.9280122518539429,0.5070739984512329
198.0,0.4713634252548218,0.9337124228477478,0.9345948100090027,0.5158547163009644
199.0,0.6172477006912231,0.9221852421760559,0.9248988628387451,0.5415940880775452
200.0,0.654719889163971,0.9067482948303223,0.9105443954467773,0.6024635434150696
201.0,0.542161226272583,0.937053918838501,0.9383620023727417,0.5410181879997253
202.0,0.4352753758430481,0.9301396012306213,0.9313062429428101,0.5221631526947021
203.0,0.39001208543777466,0.03794211521744728,0.06388424336910248,0.9145739078521729
204.0,0.3545096814632416,0.057930927723646164,0.08875496685504913,0.9048876166343689
205.0,0.7160152196884155,0.9010593891143799,0.9070835709571838,0.6966934204101562
206.0,0.7135369181632996,0.9038980603218079,0.9099885821342468,0.6969507932662964
207.0,0.6877938508987427,0.9128649234771729,0.9168830513954163,0.6599840521812439
208.0,0.7105876803398132,0.9760581851005554,0.9828076362609863,0.9444383382797241
209.0,0.6221410036087036,0.8891700506210327,0.8943933248519897,0.656570315361023
210.0,0.5947830080986023,0.8983628749847412,0.902521014213562,0.6515170335769653
211.0,0.6062963008880615,0.8977192044258118,0.9018734097480774,0.6473291516304016
212.0,0.7968590259552002,0.8926013708114624,0.906375527381897,0.8381342887878418
213.0,0.8539062738418579,0.9403024911880493,0.9495381116867065,0.8572497367858887
214.0,0.8643016815185547,0.9503624439239502,0.9583251476287842,0.8619633316993713
215.0,0.5977175235748291,0.9097605347633362,0.9122647047042847,0.6736904978752136
216.0,0.5849815011024475,0.9086032509803772,0.9115979075431824,0.6838159561157227
217.0,0.6455233097076416,0.918644905090332,0.9216561913490295,0.6488086581230164
218.0,0.6477740406990051,0.9140687584877014,0.9171526432037354,0.679426372051239
219.0,0.5506352186203003,0.9070144295692444,0.9100207090377808,0.6581816077232361
220.0,0.4228222072124481,0.9057673811912537,0.9077064990997314,0.6133386492729187
221.0,0.5880131125450134,0.9021281003952026,0.905574381351471,0.6891242861747742
222.0,0.4737701416015625,0.9145473837852478,0.9170781970024109,0.6374232172966003
223.0,0.5370357036590576,0.8909767270088196,0.8956762552261353,0.67283695936203
224.0,0.5855564475059509,0.9150715470314026,0.9183371663093567,0.6674426794052124
225.0,0.6512619256973267,0.9166508913040161,0.9200401902198792,0.6815164685249329
226.0,0.7921765446662903,0.9029461145401001,0.9195957183837891,0.8718149065971375
227.0,0.816956102848053,0.9283276200294495,0.9452823996543884,0.8779834508895874
228.0,0.8444785475730896,0.9684115052223206,0.9798157215118408,0.9010677933692932
229.0,0.8449782729148865,0.9674406051635742,0.9807389974594116,0.9105899930000305
230.0,0.8332575559616089,0.9580920934677124,0.9751419425010681,0.9075822234153748
231.0,0.7704317569732666,0.9230552315711975,0.948734700679779,0.8935229778289795
232.0,0.7480117082595825,0.9744099974632263,0.9793080687522888,0.8948948383331299
233.0,0.7435264587402344,0.9686445593833923,0.9752722382545471,0.8944196701049805
234.0,0.7589572072029114,0.971969723701477,0.9805781841278076,0.8977530598640442
235.0,0.7344533801078796,0.9661262035369873,0.9781830310821533,0.9006814360618591
236.0,0.7081822156906128,0.9121362566947937,0.9176840782165527,0.7035117149353027
237.0,0.7218741774559021,0.9169086217880249,0.9224178194999695,0.7088441848754883
238.0,0.7354448437690735,0.9107366800308228,0.9169589281082153,0.7143868803977966
239.0,0.7248997688293457,0.9153414964675903,0.9197555184364319,0.6887254118919373
240.0,0.6996515393257141,0.9168232083320618,0.9203075766563416,0.6648838520050049
241.0,0.46580368280410767,0.964313805103302,0.9766371250152588,0.8909518122673035
242.0,0.572199821472168,0.9657514691352844,0.9801480770111084,0.8935572504997253
243.0,0.2862915098667145,0.9209017157554626,0.9215112328529358,0.532728910446167
244.0,0.3670317232608795,0.9356386661529541,0.9363934993743896,0.5043856501579285
245.0,0.43086549639701843,0.9703128933906555,0.9763888716697693,0.9063565135002136
246.0,0.42740580439567566,0.9661269783973694,0.9754721522331238,0.9106017351150513
247.0,0.4909753203392029,0.9803633093833923,0.983256459236145,0.884844183921814
248.0,0.5063626766204834,0.9789126515388489,0.9866620898246765,0.9076605439186096
249.0,0.33479276299476624,0.9396371841430664,0.9406626224517822,0.4762929081916809
250.0,0.3291756212711334,0.938482940196991,0.93951016664505,0.4905213713645935
251.0,0.3025083839893341,0.9459061622619629,0.9470345973968506,0.44917383790016174
252.0,0.2657085061073303,0.9044124484062195,0.9453411102294922,0.7627915143966675
253.0,0.48793575167655945,0.9725815057754517,0.9782694578170776,0.8511542081832886
254.0,0.6951488852500916,0.9256168007850647,0.9658186435699463,0.8313159346580505
255.0,0.5905264616012573,0.895387589931488,0.9515859484672546,0.8202937841415405
256.0,0.857934832572937,0.922290563583374,0.968606173992157,0.8963707089424133
257.0,0.6903937458992004,0.8741141557693481,0.9344913363456726,0.8611918687820435
258.0,0.5604512095451355,0.8635121583938599,0.8677228093147278,0.6481099128723145
259.0,0.4922380745410919,0.9270855784416199,0.9592047333717346,0.8447553515434265
260.0,0.8546209335327148,0.963083028793335,0.978459358215332,0.9292311072349548
261.0,0.46380236744880676,0.874631941318512,0.8772574067115784,0.5761795043945312
262.0,0.32034748792648315,0.9284929633140564,0.9292886853218079,0.4776785671710968
263.0,0.31545406579971313,0.038658272475004196,0.061604347079992294,0.9037784934043884
264.0,0.3879969120025635,0.931148111820221,0.931686282157898,0.5336753726005554
265.0,0.3606955111026764,0.94651859998703,0.9470572471618652,0.5283840894699097
266.0,0.7010375261306763,0.9764463901519775,0.9797021746635437,0.9287928342819214
267.0,0.550054669380188,0.9539438486099243,0.9663292765617371,0.9242553114891052
268.0,0.5225764513015747,0.9691869616508484,0.9736122488975525,0.9090930819511414
269.0,0.3859027028083801,0.056027695536613464,0.08888757973909378,0.9083772897720337
270.0,0.4666398763656616,0.9724631309509277,0.9721251726150513,0.7473613619804382
271.0,0.29932984709739685,0.9463343620300293,0.947070300579071,0.47315847873687744
272.0,0.29556804895401,0.9442753791809082,0.9663710594177246,0.8186342120170593
273.0,0.3705310821533203,0.06015664339065552,0.09824821352958679,0.913879930973053
274.0,0.3829885721206665,0.06588701158761978,0.1053377315402031,0.9127341508865356
275.0,0.5433924198150635,0.9178431034088135,0.9190818667411804,0.5959601998329163
276.0,0.5039703249931335,0.9278260469436646,0.9289419651031494,0.5595411062240601
277.0,0.5040889978408813,0.932582437992096,0.9334530234336853,0.5307213664054871
278.0,0.5437423586845398,0.929967999458313,0.9311383962631226,0.5671192407608032
279.0,0.41314563155174255,0.9317849278450012,0.9322895407676697,0.5274266600608826
280.0,0.45502302050590515,0.9312804341316223,0.9322810769081116,0.5197510123252869
281.0,0.3486119210720062,0.9438228607177734,0.9453537464141846,0.43941882252693176
282.0,0.4567578434944153,0.7983760237693787,0.7943580150604248,0.8519425392150879
283.0,0.6266513466835022,0.7731425762176514,0.7671079635620117,0.8935520052909851
284.0,0.6629731059074402,0.9310712814331055,0.9284389019012451,0.8026676177978516
285.0,0.5925998091697693,0.8533932566642761,0.8504778742790222,0.855176568031311
286.0,0.6910573244094849,0.9253101348876953,0.9264274835586548,0.813593327999115
287.0,0.656044602394104,0.9302092790603638,0.9321327805519104,0.6155275106430054
288.0,0.6166054010391235,0.9339538216590881,0.9351703524589539,0.5834097266197205
289.0,0.6055421233177185,0.9161433577537537,0.9187113046646118,0.5995903015136719
290.0,0.5179473757743835,0.9184132218360901,0.9200419187545776,0.5773804783821106
291.0,0.563686192035675,0.9139882326126099,0.9159262180328369,0.5776693224906921
292.0,0.4905223548412323,0.9160373210906982,0.9178807735443115,0.5396122932434082
293.0,0.6059279441833496,0.8996449708938599,0.9029213786125183,0.6408722400665283
294.0,0.6644762754440308,0.902412474155426,0.9062581062316895,0.6789699196815491
295.0,0.6582705974578857,0.900412380695343,0.9049249291419983,0.6792240142822266
296.0,0.6434866189956665,0.9032416939735413,0.9087281823158264,0.6845959424972534
297.0,0.6172900795936584,0.9048556089401245,0.9093102216720581,0.6615718603134155
298.0,0.5818356871604919,0.9324532747268677,0.9339451789855957,0.590246856212616
299.0,0.6267428398132324,0.9037343859672546,0.9071255326271057,0.6443824172019958
300.0,0.6716136336326599,0.9067339301109314,0.911793053150177,0.6877329349517822
301.0,,,,
302.0,,,,
303.0,,,,
304.0,0.2538496255874634,0.05961788818240166,0.0910794585943222,0.9048050045967102
305.0,,,,
306.0,,,,
307.0,0.2764844596385956,0.7610434293746948,0.8660631775856018,0.6535300612449646
308.0,0.6141571998596191,0.8145018815994263,0.8914888501167297,0.6584850549697876
309.0,0.7196781039237976,0.8445138931274414,0.9124970436096191,0.6651849746704102
310.0,0.7576748132705688,0.8571116328239441,0.9223496913909912,0.664330005645752
311.0,0.780518114566803,0.852838933467865,0.9125826954841614,0.665643036365509
312.0,0.7907177209854126,0.8600323796272278,0.9191851019859314,0.6678584218025208
313.0,0.7658191919326782,0.8761444091796875,0.9357202053070068,0.6753494739532471
314.0,0.7548596858978271,0.8759663105010986,0.9382966160774231,0.6738585829734802
315.0,0.7435002326965332,0.8487282991409302,0.9199171662330627,0.6667914390563965
316.0,0.7667196989059448,0.8549935817718506,0.9261631369590759,0.6666666865348816
317.0,0.7879272103309631,0.8590628504753113,0.9214986562728882,0.6753109097480774
318.0,0.70780348777771,0.8357789516448975,0.9094820022583008,0.6714758276939392
319.0,0.6925519704818726,0.9256343841552734,0.9279855489730835,0.6591482162475586
320.0,0.7096661925315857,0.9314536452293396,0.9337993264198303,0.6669092178344727
321.0,0.717721700668335,0.9274083375930786,0.9299240708351135,0.6751523613929749
322.0,0.660533607006073,0.9329043626785278,0.9344652891159058,0.6403473019599915
323.0,0.6055034399032593,0.9236684441566467,0.9248906373977661,0.6220111846923828
324.0,0.5481118559837341,0.9164682626724243,0.9176992177963257,0.61727374792099
325.0,0.637916088104248,0.9222448468208313,0.9247475862503052,0.6543431878089905
326.0,0.6369726061820984,0.9115473031997681,0.9140806794166565,0.6529338359832764
327.0,0.5174742341041565,0.8934338688850403,0.8955668210983276,0.6297825574874878
328.0,0.5372948050498962,0.9126565456390381,0.913472592830658,0.6152771711349487
329.0,0.48077625036239624,0.9119303226470947,0.9127790331840515,0.5749887228012085
330.0,0.5215209126472473,0.9165689945220947,0.9176151156425476,0.6048851609230042
331.0,0.5300782918930054,0.9232011437416077,0.9240756630897522,0.5958700776100159
332.0,0.44106265902519226,0.9310029149055481,0.9314479231834412,0.5580016374588013
333.0,0.4280608296394348,0.9230788350105286,0.9238505363464355,0.5703772902488708
334.0,0.5901228785514832,0.9119813442230225,0.9146500825881958,0.6543631553649902
335.0,0.5875424146652222,0.9189607501029968,0.9207596778869629,0.59532630443573
336.0,0.46951359510421753,0.9162450432777405,0.9173023700714111,0.5913217663764954
337.0,0.529094398021698,0.9367368817329407,0.922346830368042,0.7075574994087219
338.0,0.3644450306892395,0.9434149265289307,0.9445160627365112,0.45338180661201477
339.0,0.32842719554901123,0.7823857069015503,0.7750023007392883,0.8308561444282532
340.0,0.41780784726142883,0.9414892196655273,0.94263756275177,0.4617635905742645
341.0,0.4800700545310974,0.9337984323501587,0.9347397685050964,0.5247681736946106
342.0,0.5950801372528076,0.9322490096092224,0.9333232045173645,0.5816558599472046
343.0,0.5085824728012085,0.9403623938560486,0.9410877823829651,0.5267854332923889
344.0,0.490063339471817,0.9335438013076782,0.9342736601829529,0.5444890856742859
345.0,0.37721607089042664,0.9292020797729492,0.9299346804618835,0.5014053583145142
346.0,0.4593968093395233,0.9356051683425903,0.9363803267478943,0.5264947414398193
347.0,0.5220513343811035,0.924358606338501,0.9262312650680542,0.5920189023017883
348.0,0.45657944679260254,0.9389368295669556,0.9401869177818298,0.5393593311309814
349.0,0.6373299956321716,0.9329187870025635,0.933941662311554,0.5882174968719482
350.0,0.6586101055145264,0.9229850769042969,0.9252829551696777,0.6276331543922424
351.0,0.5693090558052063,0.9233527183532715,0.925187349319458,0.5944325923919678
352.0,0.7779512405395508,0.9636056423187256,0.9675614833831787,0.8844906091690063
353.0,0.6634019613265991,0.925203263759613,0.9279727339744568,0.6339783668518066
354.0,0.6469860076904297,0.9351024031639099,0.9367183446884155,0.5915056467056274
355.0,0.6910498142242432,0.5415981411933899,0.591330885887146,0.9964872598648071
356.0,0.7377167344093323,0.6288973689079285,0.6597917675971985,0.9947916269302368
357.0,0.6552972197532654,0.9320790767669678,0.9333257675170898,0.6032121181488037
358.0,0.6083253026008606,0.5821914672851562,0.6095736026763916,0.8318508863449097
359.0,0.4467410147190094,0.9265631437301636,0.9270545840263367,0.5248955488204956
360.0,0.5257412195205688,0.9376215934753418,0.9381780028343201,0.5270365476608276
361.0,0.7031250596046448,0.8939330577850342,0.9007431864738464,0.7013551592826843
362.0,0.6717311143875122,0.8978339433670044,0.9019919633865356,0.6475250720977783
363.0,0.6750122904777527,0.8805401921272278,0.887658417224884,0.6851062178611755
364.0,0.6841762065887451,0.8852728009223938,0.8918442726135254,0.6842589378356934
365.0,0.6224532723426819,0.8960726261138916,0.9006960988044739,0.6641407012939453
366.0,0.648522675037384,0.8984338045120239,0.9036898016929626,0.6736958622932434
367.0,0.5937249660491943,0.8930348753929138,0.8974863886833191,0.6346490383148193
368.0,0.6014177799224854,0.8706961274147034,0.8782997727394104,0.6286641955375671
369.0,0.5751299262046814,0.8637994527816772,0.8713651895523071,0.6087786555290222
370.0,0.45710593461990356,0.8600728511810303,0.8673095107078552,0.5656031370162964
371.0,0.4646425247192383,0.8457740545272827,0.8537170886993408,0.6070051789283752
372.0,0.5747076272964478,0.8639282584190369,0.8729321360588074,0.6419523358345032
373.0,0.47243496775627136,0.8885980248451233,0.8922890424728394,0.6108118891716003
374.0,0.3699394762516022,0.8953880071640015,0.8984032869338989,0.5730671882629395
375.0,0.44241780042648315,0.8948537707328796,0.8980699181556702,0.5820723176002502
376.0,0.5870650410652161,0.8885954022407532,0.8942082524299622,0.6537874341011047
377.0,0.479455828666687,0.8935938477516174,0.8960273265838623,0.6039367914199829
378.0,0.5762024521827698,0.9059525728225708,0.9082241654396057,0.6134876608848572
379.0,0.5197106003761292,0.8968520760536194,0.899082601070404,0.601116955280304
380.0,0.5520888566970825,0.9102476835250854,0.9118613004684448,0.5957897901535034
381.0,0.6181568503379822,0.9121713042259216,0.9144085049629211,0.6336678862571716
382.0,0.6112317442893982,0.9060449600219727,0.9085775017738342,0.6396671533584595
383.0,0.6013926267623901,0.9111547470092773,0.9138000011444092,0.6289161443710327
384.0,0.6529075503349304,0.9130609035491943,0.916159987449646,0.6603240966796875
385.0,0.5652124881744385,0.9157472252845764,0.9189793467521667,0.602064311504364
386.0,0.6175292730331421,0.8937312364578247,0.9003236293792725,0.7002901434898376
387.0,0.5108968615531921,0.9231952428817749,0.9237348437309265,0.6014199256896973
388.0,0.7699352502822876,0.9406055212020874,0.9729731678962708,0.8668431639671326
389.0,0.483206182718277,0.948586106300354,0.9760187864303589,0.784835934638977
390.0,0.5624834895133972,0.9562400579452515,0.9563563466072083,0.5482067465782166
391.0,0.6285263299942017,0.8946751356124878,0.8979877233505249,0.6837252378463745
392.0,0.28922346234321594,0.046760719269514084,0.07326456904411316,0.8991076946258545
393.0,0.49491065740585327,0.8273579478263855,0.8319737315177917,0.6759089827537537
394.0,0.5513473153114319,0.8946048021316528,0.8961796164512634,0.6589629650115967
395.0,0.5698044896125793,0.9141547083854675,0.9157974123954773,0.5627422332763672
396.0,0.7880226373672485,0.7450929284095764,0.6747917532920837,0.7476828694343567
397.0,0.8289430141448975,0.8736027479171753,0.8309233784675598,0.7748656272888184
398.0,0.7728044390678406,0.7577329874038696,0.724052369594574,0.7986554503440857
399.0,0.7230410575866699,0.961081862449646,0.9570915699005127,0.8261246085166931
400.0,0.49791014194488525,0.8917325139045715,0.8949841856956482,0.5878241658210754
401.0,0.5512222051620483,0.9101285934448242,0.9119613170623779,0.5773662328720093
402.0,0.47656935453414917,0.9234476089477539,0.9245368838310242,0.5182794332504272
403.0,0.5338488817214966,0.9243495464324951,0.9260547757148743,0.5244626402854919
404.0,0.6456291079521179,0.9067360758781433,0.9100823998451233,0.6067090630531311
405.0,0.5650995373725891,0.9209757447242737,0.9232420921325684,0.5196765065193176
406.0,0.5207878947257996,0.9197259545326233,0.9217756986618042,0.5223705172538757
407.0,0.40931856632232666,0.9160588383674622,0.9175876975059509,0.5026687383651733
408.0,0.43370601534843445,0.9036357402801514,0.9054674506187439,0.5303493738174438
409.0,0.6144251823425293,0.8952769637107849,0.8998841047286987,0.612217128276825
410.0,0.7205147743225098,0.9231972694396973,0.9264543652534485,0.6253297328948975
411.0,0.7691957354545593,0.9139635562896729,0.9198582768440247,0.6954845786094666
412.0,0.7284682989120483,0.9029182195663452,0.9084948301315308,0.6617965698242188
413.0,0.7285321950912476,0.9082663059234619,0.9131277799606323,0.6618503928184509
414.0,0.7385873198509216,0.9055668711662292,0.9109402894973755,0.6709890365600586
415.0,0.7422699332237244,0.8979677557945251,0.9048371911048889,0.68780517578125
416.0,0.7560015320777893,0.9220297336578369,0.9256429672241211,0.6709651350975037
417.0,0.759048581123352,0.9301584362983704,0.9329850077629089,0.6599220037460327
418.0,0.7257927656173706,0.9343908429145813,0.9362378716468811,0.6178513169288635
419.0,0.7476380467414856,0.9134693145751953,0.9178844094276428,0.6760411858558655
420.0,0.7536099553108215,0.9103038311004639,0.915786623954773,0.6973463296890259
421.0,0.5543347597122192,0.8325631022453308,0.8755064606666565,0.737134575843811
422.0,0.517284631729126,0.9344713091850281,0.9356955885887146,0.5898935198783875
423.0,0.4966999888420105,0.9296865463256836,0.9308826327323914,0.5955723524093628
424.0,0.4515957534313202,0.9368449449539185,0.9378031492233276,0.5616415739059448
425.0,0.5648688673973083,0.9320733547210693,0.9336071014404297,0.6186632513999939
426.0,0.48206013441085815,0.93979412317276,0.940895140171051,0.5588467121124268
427.0,0.3494690954685211,0.9397649765014648,0.9408457279205322,0.5095113515853882
428.0,0.3972296416759491,0.9462286829948425,0.9470139741897583,0.5055391192436218
429.0,0.5455690026283264,0.9413845539093018,0.9425267577171326,0.5655929446220398
430.0,0.5499873757362366,0.9287240505218506,0.9304436445236206,0.5904067754745483
431.0,0.6465434432029724,0.9339030981063843,0.935437023639679,0.6267964243888855
432.0,0.624717116355896,0.9314550757408142,0.9331626892089844,0.6260157823562622
433.0,0.739081621170044,0.9220547676086426,0.9248998761177063,0.6726714372634888
434.0,0.6358729600906372,0.9295773506164551,0.9309474229812622,0.6011917591094971
435.0,0.57802814245224,0.9249196648597717,0.9266684651374817,0.578107476234436
436.0,0.5380034446716309,0.927793025970459,0.9289993047714233,0.5771839022636414
437.0,0.5140122771263123,0.9212324023246765,0.9226487278938293,0.5951475501060486
438.0,0.6164320111274719,0.9252749085426331,0.9272729158401489,0.6183270812034607
439.0,0.6767984628677368,0.9088074564933777,0.9133692383766174,0.6809255480766296
440.0,0.6942022442817688,0.9142736792564392,0.9195610284805298,0.7014769911766052
441.0,0.6682850122451782,0.9029759764671326,0.9088850021362305,0.7041117548942566
442.0,0.6557617783546448,0.9177432060241699,0.9211456179618835,0.6717700362205505
443.0,0.6852359175682068,0.9268377423286438,0.9295169711112976,0.6652817726135254
444.0,0.7338182330131531,0.9273965954780579,0.9315357804298401,0.7113136053085327
445.0,0.707747220993042,0.9427117109298706,0.9438620805740356,0.6199405789375305
446.0,0.6946476697921753,0.9377721548080444,0.939234733581543,0.6313624978065491
447.0,0.6623597741127014,0.9452056884765625,0.9462132453918457,0.594240128993988
448.0,0.6246607303619385,0.9440122246742249,0.9449314475059509,0.5779739618301392
449.0,0.6855908036231995,0.9320988059043884,0.9338208436965942,0.6370154619216919
450.0,0.7183181047439575,0.9343336224555969,0.936375617980957,0.648878812789917
451.0,0.6773720979690552,0.940814733505249,0.9418147206306458,0.6012423038482666
452.0,0.5995242595672607,0.9490094780921936,0.9497326612472534,0.5540907979011536
453.0,0.5872142314910889,0.9446226358413696,0.9454551935195923,0.5505601763725281
454.0,0.661409854888916,0.9462997913360596,0.9472916722297668,0.5771582722663879
455.0,0.6869339346885681,0.9387373924255371,0.9399093389511108,0.6398733854293823
456.0,0.7254735231399536,0.9353066086769104,0.9374804496765137,0.6882386803627014
457.0,0.6561883091926575,0.9463728070259094,0.9470914006233215,0.5532533526420593
458.0,0.5353942513465881,0.03635623678565025,0.06267131865024567,0.9051235318183899
459.0,0.5800955891609192,0.9512985944747925,0.9517832398414612,0.510991632938385
460.0,0.7241519093513489,0.9503228068351746,0.9508600234985352,0.5806220769882202
461.0,0.6921274065971375,0.957943320274353,0.9588419198989868,0.5264988541603088
462.0,0.692690908908844,0.9516779184341431,0.9526523351669312,0.5520132780075073
463.0,0.7134059071540833,0.949791431427002,0.950747013092041,0.5783237814903259
464.0,0.5644464492797852,0.9461598992347717,0.9468656778335571,0.5172531008720398
465.0,0.5630900859832764,0.9419939517974854,0.9427622556686401,0.5217918157577515
466.0,0.5619251132011414,0.94437175989151,0.9450174570083618,0.5116554498672485
467.0,0.7364576458930969,0.9423973560333252,0.9437857270240784,0.6201714873313904
468.0,0.7170908451080322,0.9435060024261475,0.9447503089904785,0.6019296646118164
469.0,0.3550708293914795,0.9609955549240112,0.9624698162078857,0.41639620065689087
470.0,0.44230806827545166,0.9623761773109436,0.9637812972068787,0.4270612299442291
471.0,0.4570530354976654,0.9612587690353394,0.9626309871673584,0.42920249700546265
472.0,0.47972172498703003,0.9618180990219116,0.9630556106567383,0.4404555559158325
473.0,0.5924045443534851,0.9606196284294128,0.961445689201355,0.4862768352031708
474.0,0.5044173002243042,0.9573305249214172,0.9582787156105042,0.4655059576034546
475.0,0.5874800086021423,0.9554842710494995,0.9562185406684875,0.4976923167705536
476.0,0.5361819863319397,0.9591083526611328,0.9604912400245667,0.44722241163253784
477.0,0.34770819544792175,0.9585506916046143,0.9603902101516724,0.39690327644348145
478.0,0.3911595642566681,0.9562787413597107,0.9581285715103149,0.4129090905189514
479.0,0.4571536183357239,0.9577473402023315,0.9591807126998901,0.4328958988189697
480.0,0.4950861930847168,0.9610092043876648,0.962378203868866,0.4464506208896637
481.0,0.6535791754722595,0.9452657699584961,0.9661380052566528,0.7884662747383118
482.0,0.5706942081451416,0.8575428128242493,0.7999984622001648,0.7929061651229858
483.0,0.6405453681945801,0.838468074798584,0.7747594714164734,0.7934984564781189
484.0,0.587410569190979,0.8883286118507385,0.854988157749176,0.8100469708442688
485.0,0.5912429094314575,0.8660799860954285,0.8100273013114929,0.7654730677604675
486.0,0.7417604923248291,0.9228305220603943,0.8929609060287476,0.7736945748329163
487.0,0.5731120109558105,0.940416157245636,0.9420217871665955,0.507325291633606
488.0,0.6234411597251892,0.9508450627326965,0.9517610669136047,0.5243693590164185
489.0,0.5749711990356445,0.9290581345558167,0.9307739734649658,0.5495984554290771
490.0,0.5178942680358887,0.919438362121582,0.9213588833808899,0.5405116677284241
491.0,0.5012016296386719,0.9316974878311157,0.9329386949539185,0.4984457194805145
492.0,0.4161766469478607,0.9034963846206665,0.9047788381576538,0.48170092701911926
493.0,0.3926543891429901,0.8682835698127747,0.8699595928192139,0.5132349729537964
494.0,0.33660751581192017,0.8910114169120789,0.8921155333518982,0.4617854952812195
495.0,0.39658233523368835,0.9404098391532898,0.9416522979736328,0.4105730354785919
496.0,0.426432728767395,0.9524161219596863,0.95379638671875,0.41693389415740967
497.0,0.3423301577568054,0.952404797077179,0.9542500376701355,0.37650683522224426
498.0,0.49208658933639526,0.9469131827354431,0.9566866159439087,0.766473114490509
499.0,0.6493715047836304,0.9606382250785828,0.969477117061615,0.7842314839363098
500.0,0.4221961200237274,0.9606226086616516,0.971724271774292,0.8737941384315491
501.0,0.7822635173797607,0.9419519901275635,0.9494835138320923,0.8504509925842285
502.0,0.8099004626274109,0.9086639285087585,0.9190748929977417,0.7807874083518982
503.0,0.5264858603477478,0.9452735781669617,0.9463082551956177,0.49701544642448425
504.0,0.6198996305465698,0.9245611429214478,0.9263446927070618,0.630890429019928
505.0,0.739266574382782,0.9269203543663025,0.9297598004341125,0.6721527576446533
506.0,0.6787613034248352,0.9438887238502502,0.9444332122802734,0.600689709186554
507.0,0.6570243239402771,0.9485581517219543,0.9488652348518372,0.5823549032211304
508.0,0.7060267925262451,0.9500412940979004,0.9502454400062561,0.6084950566291809
509.0,0.6869394779205322,0.9503904581069946,0.9506347179412842,0.5937660336494446
510.0,0.7099416255950928,0.9518666863441467,0.9520968198776245,0.5956260561943054
511.0,0.7177145481109619,0.9495218992233276,0.9498012065887451,0.6100207567214966
512.0,0.6498844027519226,0.9529470205307007,0.9532503485679626,0.5645766258239746
513.0,0.6242098808288574,0.9547585844993591,0.9552472829818726,0.5287459492683411
514.0,0.5856661796569824,0.9508548378944397,0.9513455033302307,0.5192545056343079
515.0,0.6593993902206421,0.9530898332595825,0.9535245895385742,0.5477465987205505
516.0,0.7328691482543945,0.9549568295478821,0.9556634426116943,0.5934818387031555
517.0,0.6106072068214417,0.9621958136558533,0.9630449414253235,0.49974966049194336
518.0,0.6738413572311401,0.9586296677589417,0.9596675038337708,0.5439323782920837
519.0,0.6743330955505371,0.9596379399299622,0.9606650471687317,0.5261898636817932
520.0,0.5937910079956055,0.955641508102417,0.9567245841026306,0.49412739276885986
521.0,0.6114615201950073,0.9451720714569092,0.9462771415710449,0.5064938068389893
522.0,0.6881557703018188,0.9504202604293823,0.9512388110160828,0.53521329164505
523.0,0.6050169467926025,0.950056791305542,0.9508495926856995,0.49425193667411804
524.0,0.6539860963821411,0.9553211331367493,0.9562591314315796,0.4898729622364044
525.0,0.7028884291648865,0.9545997977256775,0.9556142091751099,0.5196191072463989
526.0,0.7230702042579651,0.9584947228431702,0.959235429763794,0.531446099281311
527.0,0.6097308993339539,0.9636788964271545,0.9650537371635437,0.4387170970439911
528.0,0.5737266540527344,0.964247465133667,0.9654875993728638,0.43817082047462463
529.0,0.2641867697238922,0.9222055673599243,0.9256101846694946,0.43243369460105896
530.0,0.3045175075531006,0.9280802011489868,0.9310129284858704,0.4404577612876892
531.0,,,,
532.0,,,,
533.0,,,,
534.0,,,,
535.0,,,,
536.0,0.4704827070236206,0.8599063158035278,0.8011459112167358,0.8459076285362244
537.0,0.3047073185443878,0.9643217325210571,0.9660876989364624,0.38593652844429016
538.0,0.47968003153800964,0.8189001679420471,0.7597999572753906,0.826007068157196
539.0,0.6602492928504944,0.9010101556777954,0.8796027898788452,0.8994746208190918
540.0,0.740308403968811,0.8079631328582764,0.7738259434700012,0.872974157333374
541.0,0.5677135586738586,0.9526525735855103,0.953376054763794,0.47571101784706116
542.0,0.5937192440032959,0.9481157660484314,0.9486455321311951,0.5034470558166504
543.0,0.6173357963562012,0.9516987800598145,0.95234215259552,0.5107974410057068
544.0,0.6727675199508667,0.94919353723526,0.9498258233070374,0.5551843643188477
545.0,0.3531186878681183,0.9568108916282654,0.9575239419937134,0.44244006276130676
546.0,0.33699744939804077,0.7813611626625061,0.7557616233825684,0.7880247235298157
547.0,0.4956657886505127,0.7955605387687683,0.8098923563957214,0.7743844389915466
548.0,0.5269297361373901,0.938996434211731,0.9530033469200134,0.7714524865150452
549.0,0.3869988024234772,0.9089566469192505,0.9207075834274292,0.764298677444458
550.0,0.5361328721046448,0.9230876564979553,0.9272674918174744,0.7265117168426514
551.0,0.26990807056427,0.9301904439926147,0.9318983554840088,0.5265734791755676
552.0,0.2975035309791565,0.9286291599273682,0.9312929511070251,0.5445751547813416
553.0,,,,
554.0,0.34260064363479614,0.9632786512374878,0.9641098380088806,0.417928546667099
555.0,0.3365333378314972,0.9630736112594604,0.9639788866043091,0.41313984990119934
556.0,0.5663560628890991,0.9577841758728027,0.9584414958953857,0.4755299389362335
557.0,0.6214778423309326,0.9587671160697937,0.9592486023902893,0.5158448815345764
558.0,0.6151208281517029,0.96082603931427,0.9614180326461792,0.5016939640045166
559.0,0.6164311170578003,0.9602386951446533,0.9609031677246094,0.49714818596839905
560.0,0.2906755805015564,0.9622963666915894,0.9639043807983398,0.3781520128250122
561.0,0.390669047832489,0.9594368934631348,0.9607879519462585,0.4092877507209778
562.0,,,,
563.0,,,,
564.0,,,,
565.0,0.5016428232192993,0.9646068811416626,0.965323269367218,0.4583542048931122
566.0,0.5684167742729187,0.9621925354003906,0.9630123376846313,0.46968474984169006
567.0,0.5924324989318848,0.9566118717193604,0.9572821259498596,0.4983288049697876
568.0,0.5698060989379883,0.954628050327301,0.9549761414527893,0.5072499513626099
569.0,0.536271870136261,0.9551414251327515,0.9555656313896179,0.48731833696365356
570.0,0.4806692600250244,0.9568138718605042,0.9572561383247375,0.47219496965408325
571.0,0.5017930269241333,0.9811753630638123,0.9795482158660889,0.5329397320747375
572.0,0.6962077021598816,0.9489502310752869,0.9491584300994873,0.5623136162757874
573.0,0.5015792846679688,0.9879149198532104,0.9892274141311646,0.6812975406646729
574.0,0.29717057943344116,0.944439709186554,0.9448583126068115,0.43425193428993225
575.0,0.5065934658050537,0.9432715177536011,0.9435814619064331,0.507628321647644
576.0,0.4746241569519043,0.9436381459236145,0.9439151883125305,0.4924572706222534
577.0,0.6821109056472778,0.9450184106826782,0.9455772042274475,0.5291218757629395
578.0,0.7730770707130432,0.9529885053634644,0.9535889029502869,0.6396059989929199
579.0,0.786870002746582,0.9536457061767578,0.9541610479354858,0.6535478234291077
580.0,0.7911542057991028,0.9536723494529724,0.95427405834198,0.6601123213768005
581.0,0.7459585070610046,0.9513341784477234,0.9516398310661316,0.6147173047065735
582.0,0.7068380117416382,0.9510054588317871,0.9510477185249329,0.582798182964325
583.0,0.7214266657829285,0.9501520991325378,0.9503352046012878,0.597001850605011
584.0,0.7196130156517029,0.949891984462738,0.9503189325332642,0.5733550190925598
585.0,0.5716029405593872,0.9512390494346619,0.9516693949699402,0.509576678276062
586.0,0.7020682692527771,0.9492319822311401,0.9496130347251892,0.570437490940094
587.0,0.28529512882232666,0.958794355392456,0.9593670964241028,0.4284365773200989
588.0,0.39804866909980774,0.9619014859199524,0.962909460067749,0.4148196280002594
589.0,,,,
590.0,0.6418641805648804,0.9450539350509644,0.9455614686012268,0.5468935966491699
591.0,0.7532212138175964,0.9528764486312866,0.9536691308021545,0.614342987537384
592.0,0.720031201839447,0.9336357712745667,0.9356589317321777,0.6127057671546936
593.0,0.6152989268302917,0.8683539032936096,0.8781770467758179,0.5775730609893799
594.0,0.6611704230308533,0.9230847954750061,0.9254986643791199,0.5926879644393921
595.0,0.6690682172775269,0.9085652828216553,0.9126721620559692,0.63916015625
596.0,0.6117806434631348,0.911095380783081,0.9137957096099854,0.6064331531524658
597.0,0.6611625552177429,0.9150301814079285,0.9175069332122803,0.6011365652084351
598.0,0.44684696197509766,0.9234780073165894,0.9239280819892883,0.44663968682289124
599.0,0.4637001156806946,0.8273282647132874,0.9199976921081543,0.8709375858306885
600.0,0.5036831498146057,0.8565388321876526,0.9370864033699036,0.8739252090454102
601.0,0.409549355506897,0.7321561574935913,0.8584059476852417,0.8783251047134399
602.0,0.5079801082611084,0.7013872265815735,0.845392107963562,0.8796623349189758
603.0,0.4928731918334961,0.7104483842849731,0.8439165353775024,0.8810977935791016
604.0,0.5141627788543701,0.8743838667869568,0.882696270942688,0.596966564655304
605.0,0.6389017701148987,0.8819983005523682,0.8916125297546387,0.6364815831184387
606.0,0.6009819507598877,0.8151929974555969,0.8390546441078186,0.6949815154075623
607.0,0.561722993850708,0.8480478525161743,0.8591206669807434,0.596629798412323
608.0,0.649986207485199,0.8814095258712769,0.8907915353775024,0.660241425037384
609.0,0.7238616943359375,0.9002325534820557,0.9078575968742371,0.6819546222686768
610.0,0.7669748067855835,0.921721339225769,0.93216872215271,0.7815825343132019
611.0,0.7637237310409546,0.9124345183372498,0.9250122904777527,0.7821165919303894
612.0,0.7502228021621704,0.9029988050460815,0.9171854853630066,0.7739651203155518
613.0,0.6956680417060852,0.8692867755889893,0.8859886527061462,0.7434850335121155
614.0,0.5845120549201965,0.8227354288101196,0.8434354066848755,0.6594244241714478
615.0,0.5963961482048035,0.8421964049339294,0.8538287878036499,0.6369370818138123
616.0,0.6835296154022217,0.8960059285163879,0.900748074054718,0.638661801815033
617.0,0.748162567615509,0.9282258152961731,0.932644784450531,0.7041711807250977
618.0,0.7810158133506775,0.9453327655792236,0.9486066102981567,0.7305970191955566
619.0,0.755443811416626,0.9245556592941284,0.9303917288780212,0.7357103824615479
620.0,0.6450716853141785,0.8585100173950195,0.8740242123603821,0.6926097273826599
621.0,0.3662914037704468,0.9235009551048279,0.9252297878265381,0.4478137195110321
622.0,0.7075411081314087,0.9570486545562744,0.957426905632019,0.5573861002922058
623.0,0.623001754283905,0.9532771110534668,0.9538748264312744,0.5223733186721802
624.0,0.45725056529045105,0.6884279251098633,0.8493354916572571,0.8693800568580627
625.0,0.4430907368659973,0.6790735125541687,0.8378633260726929,0.86057448387146
626.0,0.3928142786026001,0.6640192270278931,0.834051251411438,0.862739086151123
627.0,0.47454580664634705,0.6147112846374512,0.801849365234375,0.872769296169281
628.0,0.4345052242279053,0.6583452820777893,0.8337332606315613,0.8683934807777405
629.0,0.5053503513336182,0.596476137638092,0.7913146615028381,0.8766511082649231
630.0,0.48721376061439514,0.6316748857498169,0.8141580820083618,0.8743194341659546
