frame,BOX_x,BOX_y,BOX_width,BOX_height,TOE_x,TOE_y,HOSEL_x,HOSEL_y,GRIP_x,GRIP_y
1.0,0.5578703880310059,0.6499999761581421,0.012037036940455437,0.12812499701976776,0.5669087171554565,0.7142917513847351,0.5651466846466064,0.7090903520584106,0.5512287020683289,0.5844274163246155
2.0,0.5578703880310059,0.6502603888511658,0.012037036940455437,0.12864583730697632,0.5671406984329224,0.7143393158912659,0.565078616142273,0.7093508243560791,0.5508167743682861,0.5845882892608643
3.0,0.5578703880310059,0.6499999761581421,0.012037036940455437,0.12916666269302368,0.5669538378715515,0.7144345641136169,0.5650118589401245,0.7092244625091553,0.5505069494247437,0.5841051340103149
4.0,0.5578703880310059,0.6499999761581421,0.012037036940455437,0.12916666269302368,0.5672009587287903,0.7148194909095764,0.565008819103241,0.7095030546188354,0.550475537776947,0.583767831325531
5.0,0.5578703880310059,0.6502603888511658,0.012037036940455437,0.12864583730697632,0.5669839382171631,0.7143858075141907,0.5648705363273621,0.7089306116104126,0.5505203008651733,0.5839823484420776
6.0,0.5574073791503906,0.6499999761581421,0.012962962500751019,0.12916666269302368,0.5666559934616089,0.714728057384491,0.5641287565231323,0.7092037200927734,0.5499292612075806,0.5837230086326599
7.0,0.5574073791503906,0.6499999761581421,0.012962962500751019,0.12916666269302368,0.5669074058532715,0.7147455215454102,0.5644003748893738,0.7093786001205444,0.5498605370521545,0.5837103128433228
8.0,0.5574073791503906,0.6502603888511658,0.012962962500751019,0.12864583730697632,0.5665133595466614,0.7143890261650085,0.5641829967498779,0.7088995575904846,0.5496503114700317,0.58399498462677
9.0,0.5574073791503906,0.6499999761581421,0.012962962500751019,0.12916666269302368,0.5666306018829346,0.7144725322723389,0.5642295479774475,0.7090704441070557,0.549848735332489,0.583884596824646
10.0,0.5574073791503906,0.6502603888511658,0.012962962500751019,0.12864583730697632,0.5662251114845276,0.7146180272102356,0.5641134977340698,0.7092113494873047,0.5500754117965698,0.5840879678726196
11.0,0.5574073791503906,0.6499999761581421,0.012962962500751019,0.12916666269302368,0.5658585429191589,0.714451789855957,0.5637525916099548,0.7089716792106628,0.5499632954597473,0.5838769674301147
12.0,0.5569444298744202,0.6499999761581421,0.012037036940455437,0.12916666269302368,0.5659034848213196,0.7145469188690186,0.5637847185134888,0.7091318368911743,0.5497086048126221,0.5839595198631287
13.0,0.5564814805984497,0.6505208611488342,0.012962962500751019,0.12812499701976776,0.566156268119812,0.7147120237350464,0.5636917948722839,0.7093698382377625,0.5489445328712463,0.5843291878700256
14.0,0.5564814805984497,0.6502603888511658,0.012962962500751019,0.12864583730697632,0.565701961517334,0.7146921157836914,0.5635004043579102,0.7093504071235657,0.5492244958877563,0.5837216973304749
15.0,0.5564814805984497,0.6502603888511658,0.012962962500751019,0.12864583730697632,0.5652970671653748,0.71464604139328,0.5630441904067993,0.7090974450111389,0.549157977104187,0.5840047597885132
16.0,0.5564814805984497,0.6499999761581421,0.012962962500751019,0.12812499701976776,0.5649280548095703,0.7144145369529724,0.5626940727233887,0.7086935639381409,0.549072802066803,0.5837817788124084
17.0,0.5564814805984497,0.6502603888511658,0.012962962500751019,0.12864583730697632,0.5650199055671692,0.7145192623138428,0.5630705952644348,0.7089147567749023,0.5493081212043762,0.5843197107315063
18.0,0.5564814805984497,0.6502603888511658,0.012962962500751019,0.12864583730697632,0.5649898052215576,0.7145712375640869,0.5629943013191223,0.7090104818344116,0.5493963956832886,0.5839897394180298
19.0,0.5569444298744202,0.6499999761581421,0.012037036940455437,0.12916666269302368,0.5648118853569031,0.7145858407020569,0.5629802346229553,0.7089996337890625,0.5497519373893738,0.5836343765258789
20.0,0.5564814805984497,0.6499999761581421,0.012962962500751019,0.12916666269302368,0.5648466348648071,0.7144441604614258,0.5628606081008911,0.7089000940322876,0.5493265986442566,0.583992600440979
21.0,0.5564814805984497,0.6502603888511658,0.012962962500751019,0.12864583730697632,0.5648267865180969,0.7145071625709534,0.5627589225769043,0.7089083790779114,0.5492132902145386,0.5841498970985413
22.0,0.5564814805984497,0.6502603888511658,0.012962962500751019,0.12864583730697632,0.5647149085998535,0.7145666480064392,0.5628505349159241,0.7089831829071045,0.5492784380912781,0.584157407283783
23.0,,,,,,,,,,
24.0,,,,,,,,,,
25.0,0.5564814805984497,0.6502603888511658,0.012962962500751019,0.12864583730697632,0.5647948384284973,0.7147040963172913,0.5626230835914612,0.7088697552680969,0.5494474768638611,0.5842069387435913
26.0,0.5569444298744202,0.6502603888511658,0.012037036940455437,0.12864583730697632,0.564537763595581,0.7145499587059021,0.5627431273460388,0.7087405323982239,0.5497744083404541,0.5843508243560791
27.0,0.5569444298744202,0.6502603888511658,0.012037036940455437,0.12864583730697632,0.5645871758460999,0.7146493792533875,0.5629187226295471,0.7089138031005859,0.5498117208480835,0.5842796564102173
28.0,0.5574073791503906,0.6502603888511658,0.012962962500751019,0.12864583730697632,0.5645338296890259,0.7146165370941162,0.5631512403488159,0.7089629769325256,0.5500718355178833,0.584313154220581
29.0,0.5574073791503906,0.6502603888511658,0.012962962500751019,0.12864583730697632,0.5641946792602539,0.714447021484375,0.5628395676612854,0.7087608575820923,0.5500888228416443,0.5838552713394165
30.0,0.5574073791503906,0.6502603888511658,0.012962962500751019,0.12864583730697632,0.564085841178894,0.714512050151825,0.5629128217697144,0.7088872790336609,0.5501817464828491,0.5842312574386597
31.0,,,,,,,,,,
32.0,,,,,,,,,,
33.0,,,,,,,,,,
34.0,,,,,,,,,,
35.0,,,,,,,,,,
36.0,,,,,,,,,,
37.0,,,,,,,,,,
38.0,,,,,,,,,,
39.0,,,,,,,,,,
40.0,,,,,,,,,,
41.0,,,,,,,,,,
42.0,0.5569444298744202,0.6499999761581421,0.012037036940455437,0.12916666269302368,0.5646534562110901,0.7143994569778442,0.5624805688858032,0.7086095809936523,0.5496469736099243,0.5839576125144958
43.0,0.5564814805984497,0.6502603888511658,0.012962962500751019,0.12864583730697632,0.565018892288208,0.7146139144897461,0.5626647472381592,0.7089008092880249,0.549508273601532,0.5842793583869934
44.0,0.5564814805984497,0.6502603888511658,0.012962962500751019,0.12864583730697632,0.5647869110107422,0.7147272229194641,0.5626218318939209,0.7088359594345093,0.5494478940963745,0.5840781331062317
45.0,0.5564814805984497,0.6502603888511658,0.012962962500751019,0.12864583730697632,0.5648918747901917,0.7147589325904846,0.562616765499115,0.7089307904243469,0.5490396618843079,0.5841585397720337
46.0,0.5564814805984497,0.6505208611488342,0.012962962500751019,0.12916666269302368,0.5648111701011658,0.7147165536880493,0.5626300573348999,0.708905041217804,0.5490204095840454,0.5840336084365845
47.0,,,,,,,,,,
48.0,,,,,,,,,,
49.0,,,,,,,,,,
50.0,,,,,,,,,,
51.0,,,,,,,,,,
52.0,,,,,,,,,,
53.0,,,,,,,,,,
54.0,,,,,,,,,,
55.0,,,,,,,,,,
56.0,0.5564814805984497,0.6499999761581421,0.012962962500751019,0.12916666269302368,0.5643313527107239,0.7146621346473694,0.5624858736991882,0.7089911699295044,0.5495040416717529,0.5839389562606812
57.0,0.5564814805984497,0.6499999761581421,0.012962962500751019,0.12916666269302368,0.5644550323486328,0.7147504687309265,0.5626124739646912,0.7090733647346497,0.5496634244918823,0.5838603973388672
58.0,0.5564814805984497,0.6505208611488342,0.012962962500751019,0.12916666269302368,0.5648286938667297,0.7148086428642273,0.5627451539039612,0.7092165350914001,0.5494853854179382,0.5839486718177795
59.0,,,,,,,,,,
60.0,0.5564814805984497,0.6502603888511658,0.012962962500751019,0.12864583730697632,0.5645833015441895,0.7147589325904846,0.5627853870391846,0.7090932130813599,0.5496062636375427,0.5842512249946594
61.0,,,,,,,,,,
62.0,,,,,,,,,,
63.0,,,,,,,,,,
64.0,,,,,,,,,,
65.0,,,,,,,,,,
66.0,,,,,,,,,,
67.0,,,,,,,,,,
68.0,,,,,,,,,,
69.0,,,,,,,,,,
70.0,,,,,,,,,,
71.0,,,,,,,,,,
72.0,,,,,,,,,,
73.0,,,,,,,,,,
74.0,,,,,,,,,,
75.0,,,,,,,,,,
76.0,,,,,,,,,,
77.0,,,,,,,,,,
78.0,,,,,,,,,,
79.0,,,,,,,,,,
80.0,,,,,,,,,,
81.0,,,,,,,,,,
82.0,,,,,,,,,,
83.0,,,,,,,,,,
84.0,,,,,,,,,,
85.0,,,,,,,,,,
86.0,,,,,,,,,,
87.0,,,,,,,,,,
88.0,,,,,,,,,,
89.0,,,,,,,,,,
90.0,,,,,,,,,,
91.0,,,,,,,,,,
92.0,,,,,,,,,,
93.0,,,,,,,,,,
94.0,,,,,,,,,,
95.0,,,,,,,,,,
96.0,,,,,,,,,,
97.0,,,,,,,,,,
98.0,,,,,,,,,,
99.0,,,,,,,,,,
100.0,,,,,,,,,,
101.0,,,,,,,,,,
102.0,,,,,,,,,,
103.0,0.5564814805984497,0.6502603888511658,0.012962962500751019,0.12864583730697632,0.5644049644470215,0.7148038148880005,0.5629174113273621,0.7092679738998413,0.5494545698165894,0.583896815776825
104.0,0.5564814805984497,0.6505208611488342,0.012962962500751019,0.12812499701976776,0.5643906593322754,0.7148033380508423,0.5626029968261719,0.7091985940933228,0.5491809844970703,0.5848179459571838
105.0,,,,,,,,,,
106.0,,,,,,,,,,
107.0,,,,,,,,,,
108.0,,,,,,,,,,
109.0,,,,,,,,,,
110.0,,,,,,,,,,
111.0,,,,,,,,,,
112.0,,,,,,,,,,
113.0,,,,,,,,,,
114.0,,,,,,,,,,
115.0,,,,,,,,,,
116.0,,,,,,,,,,
117.0,,,,,,,,,,
118.0,,,,,,,,,,
119.0,,,,,,,,,,
120.0,,,,,,,,,,
121.0,,,,,,,,,,
122.0,,,,,,,,,,
123.0,,,,,,,,,,
124.0,,,,,,,,,,
125.0,,,,,,,,,,
126.0,,,,,,,,,,
127.0,,,,,,,,,,
128.0,,,,,,,,,,
129.0,,,,,,,,,,
130.0,,,,,,,,,,
131.0,,,,,,,,,,
132.0,,,,,,,,,,
133.0,,,,,,,,,,
134.0,,,,,,,,,,
135.0,,,,,,,,,,
136.0,,,,,,,,,,
137.0,,,,,,,,,,
138.0,,,,,,,,,,
139.0,,,,,,,,,,
140.0,,,,,,,,,,
141.0,0.5564814805984497,0.6507812738418579,0.012962962500751019,0.1276041716337204,0.5644429326057434,0.7144313454627991,0.5626452565193176,0.708781361579895,0.5495253801345825,0.5850704908370972
142.0,0.5564814805984497,0.6507812738418579,0.012962962500751019,0.1276041716337204,0.5644909739494324,0.714352548122406,0.5627727508544922,0.708710253238678,0.5493438243865967,0.5854452848434448
143.0,0.5564814805984497,0.6507812738418579,0.012962962500751019,0.1276041716337204,0.5645141005516052,0.7145267128944397,0.562957227230072,0.7089727520942688,0.5495139956474304,0.5853191018104553
144.0,0.5569444298744202,0.6507812738418579,0.013888888992369175,0.1276041716337204,0.5643811225891113,0.7146089673042297,0.5628687143325806,0.7090272903442383,0.5495959520339966,0.5853868126869202
145.0,,,,,,,,,,
146.0,,,,,,,,,,
147.0,,,,,,,,,,
148.0,,,,,,,,,,
149.0,,,,,,,,,,
150.0,,,,,,,,,,
151.0,,,,,,,,,,
152.0,,,,,,,,,,
153.0,,,,,,,,,,
154.0,,,,,,,,,,
155.0,,,,,,,,,,
156.0,,,,,,,,,,
157.0,,,,,,,,,,
158.0,,,,,,,,,,
159.0,,,,,,,,,,
160.0,,,,,,,,,,
161.0,,,,,,,,,,
162.0,,,,,,,,,,
163.0,,,,,,,,,,
164.0,0.5564814805984497,0.6507812738418579,0.012962962500751019,0.1276041716337204,0.5644781589508057,0.7148047685623169,0.5625402927398682,0.7091121077537537,0.5489880442619324,0.5851344466209412
165.0,,,,,,,,,,
166.0,0.5564814805984497,0.6505208611488342,0.012962962500751019,0.12812499701976776,0.5644187927246094,0.7150787115097046,0.5627278089523315,0.709384024143219,0.5494383573532104,0.5846452713012695
167.0,,,,,,,,,,
168.0,,,,,,,,,,
169.0,,,,,,,,,,
170.0,,,,,,,,,,
171.0,,,,,,,,,,
172.0,,,,,,,,,,
173.0,,,,,,,,,,
174.0,,,,,,,,,,
175.0,,,,,,,,,,
176.0,,,,,,,,,,
177.0,,,,,,,,,,
178.0,,,,,,,,,,
179.0,,,,,,,,,,
180.0,0.5481481552124023,0.651562511920929,0.012962962500751019,0.1302083283662796,0.5487080216407776,0.7162762880325317,0.5504573583602905,0.7084735035896301,0.5471056699752808,0.5809507369995117
181.0,0.5476852059364319,0.651562511920929,0.013888888992369175,0.12916666269302368,0.5477449893951416,0.7159711122512817,0.5490921139717102,0.708187997341156,0.5466606616973877,0.5817756056785583
182.0,0.5472221970558167,0.651562511920929,0.012962962500751019,0.1302083283662796,0.547329843044281,0.716240644454956,0.5486834645271301,0.708296537399292,0.5470689535140991,0.5811294317245483
183.0,0.5472221970558167,0.6507812738418579,0.011111111380159855,0.1276041716337204,0.5470182299613953,0.714124858379364,0.5472820401191711,0.7074699401855469,0.546051561832428,0.5825834274291992
184.0,0.5458333492279053,0.6502603888511658,0.012037036940455437,0.1276041716337204,0.5434014201164246,0.7138513922691345,0.546120285987854,0.7074785232543945,0.5478679537773132,0.5840745568275452
185.0,0.5435185432434082,0.6502603888511658,0.014814814552664757,0.12864583730697632,0.5394309163093567,0.7139608860015869,0.5424962043762207,0.7075091600418091,0.5489576458930969,0.5843249559402466
186.0,0.5416666865348816,0.6499999761581421,0.01666666753590107,0.12916666269302368,0.5366146564483643,0.7143987417221069,0.5404126644134521,0.7081438302993774,0.5493139028549194,0.5840564370155334
187.0,0.539814829826355,0.6507812738418579,0.020370369777083397,0.12864583730697632,0.5333006381988525,0.7142467498779297,0.5350096225738525,0.7074011564254761,0.5478700995445251,0.583400309085846
188.0,0.5365740656852722,0.6473958492279053,0.023148147389292717,0.12187500298023224,0.5294042825698853,0.7120739221572876,0.5349106192588806,0.7056480050086975,0.5480338931083679,0.5847987532615662
189.0,0.5356481671333313,0.647656261920929,0.02500000037252903,0.12135417014360428,0.5275920629501343,0.7116369605064392,0.5327363610267639,0.7051635384559631,0.5475454926490784,0.5854964852333069
190.0,0.5347222089767456,0.647656261920929,0.026851851493120193,0.1223958358168602,0.5223968029022217,0.7119988799095154,0.5289753675460815,0.7063654065132141,0.5441442728042603,0.5841640830039978
191.0,0.5324074029922485,0.6494791507720947,0.029629629105329514,0.12604166567325592,0.5199397206306458,0.7122859358787537,0.5214235186576843,0.7052370309829712,0.5441771149635315,0.5842643976211548
192.0,0.529629647731781,0.6497395634651184,0.03333333507180214,0.12552084028720856,0.5157939791679382,0.7122675776481628,0.5176470875740051,0.7053422331809998,0.5431314706802368,0.5858166813850403
193.0,0.5268518328666687,0.6499999761581421,0.03703703731298447,0.125,0.5120368003845215,0.7122703194618225,0.5142697095870972,0.705493688583374,0.5426498055458069,0.5878440141677856
194.0,0.5240740776062012,0.6489583253860474,0.04259259253740311,0.12395833432674408,0.5049309730529785,0.7113349437713623,0.5079907774925232,0.7039487957954407,0.5420939326286316,0.5873315334320068
195.0,0.5208333134651184,0.6489583253860474,0.04537037014961243,0.12291666865348816,0.5012334585189819,0.7106929421424866,0.5046698451042175,0.7036741375923157,0.5420396327972412,0.5876493453979492
196.0,0.5185185074806213,0.6486979126930237,0.05000000074505806,0.12343750149011612,0.49756041169166565,0.7097139358520508,0.5017398595809937,0.7030484676361084,0.5413231253623962,0.5877097845077515
197.0,0.5138888955116272,0.6471354365348816,0.05740740895271301,0.12031249701976776,0.4874146580696106,0.708733320236206,0.49705278873443604,0.7033036947250366,0.5397219061851501,0.5876842141151428
198.0,0.5106481313705444,0.6471354365348816,0.06388889253139496,0.12031249701976776,0.48227280378341675,0.7085081934928894,0.49178194999694824,0.7034323215484619,0.5397619009017944,0.5878680944442749
199.0,0.5078703761100769,0.6471354365348816,0.0694444477558136,0.12031249701976776,0.4787256419658661,0.7078397274017334,0.48734503984451294,0.7025579810142517,0.5401554703712463,0.5881652235984802
200.0,0.5055555701255798,0.6466146111488342,0.07407407462596893,0.12031249701976776,0.47428327798843384,0.70691978931427,0.4831235408782959,0.7015053033828735,0.5401163697242737,0.5867112278938293
201.0,0.5037037134170532,0.6463541388511658,0.07962962985038757,0.1197916641831398,0.4658872187137604,0.7036334276199341,0.4723099172115326,0.6976085305213928,0.5419003963470459,0.5870746374130249
202.0,0.5004629492759705,0.6455729007720947,0.0824074074625969,0.1171875,0.46304988861083984,0.7042253017425537,0.4694857597351074,0.6979738473892212,0.5388650894165039,0.5859787464141846
203.0,0.49537035822868347,0.645312488079071,0.09074074029922485,0.11770833283662796,0.45659056305885315,0.7046130895614624,0.4623783230781555,0.6981406807899475,0.5391165614128113,0.586266279220581
204.0,0.4912036955356598,0.6442708373069763,0.0972222238779068,0.11562500149011612,0.44691628217697144,0.7000643014907837,0.45920369029045105,0.6965039968490601,0.5373690724372864,0.5865866541862488
205.0,0.4879629611968994,0.6421874761581421,0.10000000149011612,0.11354167014360428,0.4449181854724884,0.7015922665596008,0.45141687989234924,0.6935400366783142,0.5307823419570923,0.5836756825447083
206.0,0.4819444417953491,0.641406238079071,0.1101851835846901,0.10989583283662796,0.429092139005661,0.6964104771614075,0.4413567781448364,0.6928094625473022,0.5347050428390503,0.5855318903923035
207.0,0.47870370745658875,0.6411458253860474,0.11481481790542603,0.10833333432674408,0.4248473048210144,0.6944436430931091,0.43428000807762146,0.6901907324790955,0.5329824686050415,0.585303008556366
208.0,0.4722222089767456,0.6395833492279053,0.12222222238779068,0.109375,0.4169563353061676,0.6953056454658508,0.4262394607067108,0.6897218823432922,0.5343813896179199,0.5851033926010132
209.0,0.4671296179294586,0.6388021111488342,0.13055555522441864,0.10781250149011612,0.40671345591545105,0.690852165222168,0.41782423853874207,0.6868588924407959,0.5337010622024536,0.585801362991333
210.0,0.46203702688217163,0.6369791626930237,0.13703703880310059,0.10520832985639572,0.40143272280693054,0.6876484155654907,0.41022536158561707,0.6827405691146851,0.5310173034667969,0.586103618144989
211.0,0.45601850748062134,0.63671875,0.14537036418914795,0.10468749701976776,0.3817426264286041,0.6859931945800781,0.39872467517852783,0.6844663023948669,0.5224826335906982,0.5849125981330872
212.0,0.45092591643333435,0.6351562738418579,0.1537037044763565,0.10260416567325592,0.37314361333847046,0.6820703148841858,0.39237141609191895,0.6810899376869202,0.5202974081039429,0.5838162899017334
213.0,0.44490739703178406,0.6330729126930237,0.16203702986240387,0.09947916865348816,0.3610003590583801,0.6783335208892822,0.3843304514884949,0.6789750456809998,0.5211946964263916,0.5817791223526001
214.0,0.4412037134170532,0.6317708492279053,0.17129629850387573,0.0989583358168602,0.3532247841358185,0.6782920956611633,0.3757939338684082,0.6781533360481262,0.5178720951080322,0.5825498700141907
215.0,0.4365740716457367,0.6307291388511658,0.17685185372829437,0.09583333134651184,0.34689387679100037,0.6753281950950623,0.3672204911708832,0.6757566332817078,0.5196813344955444,0.5837596654891968
216.0,0.43194442987442017,0.6291666626930237,0.182407408952713,0.09270833432674408,0.3401350677013397,0.6714210510253906,0.3595844507217407,0.6722658276557922,0.5166597962379456,0.5835965871810913
217.0,0.42916667461395264,0.6278645992279053,0.1805555522441864,0.0911458358168602,0.3389986455440521,0.6703776121139526,0.35502636432647705,0.6701104640960693,0.5164372324943542,0.5835422277450562
218.0,0.42500001192092896,0.625781238079071,0.18703703582286835,0.08802083134651184,0.33515334129333496,0.6655310988426208,0.3495306670665741,0.6641318798065186,0.5146982669830322,0.5824527740478516
219.0,0.4175925850868225,0.6234375238418579,0.19629628956317902,0.08437500149011612,0.327286034822464,0.6617056727409363,0.34150975942611694,0.6607393622398376,0.5130606889724731,0.5813785195350647
220.0,0.4078703820705414,0.6231771111488342,0.2101851850748062,0.08385416865348816,0.3040877878665924,0.6616611480712891,0.32215288281440735,0.6623764038085938,0.5096299052238464,0.5825296640396118
221.0,0.40046295523643494,0.6213541626930237,0.2212962955236435,0.08124999701976776,0.28861770033836365,0.656150221824646,0.3140103816986084,0.662337064743042,0.5132432579994202,0.5843709111213684
222.0,0.39537036418914795,0.6195312738418579,0.22592592239379883,0.07864583283662796,0.28669610619544983,0.6536123752593994,0.3104691803455353,0.6581525206565857,0.5044880509376526,0.5822064876556396
223.0,0.39120370149612427,0.6177083253860474,0.22870370745658875,0.07604166865348816,0.27904999256134033,0.6501846313476562,0.3043018579483032,0.6555873155593872,0.5014640688896179,0.5807917714118958
224.0,0.38333332538604736,0.6158854365348816,0.23888888955116272,0.07343749701976776,0.26629045605659485,0.6436833739280701,0.29061150550842285,0.6512860655784607,0.49756956100463867,0.5794982314109802
225.0,0.3782407343387604,0.6145833134651184,0.24166665971279144,0.06979166716337204,0.25668901205062866,0.6395102739334106,0.28461405634880066,0.6480875015258789,0.49793243408203125,0.5810089707374573
226.0,0.37361112236976624,0.612500011920929,0.24722221493721008,0.06666667014360428,0.2516253888607025,0.6368796825408936,0.27552932500839233,0.6434392929077148,0.49361395835876465,0.5787034630775452
227.0,0.3689814805984497,0.610156238079071,0.2527777850627899,0.06302083283662796,0.23973241448402405,0.6294517517089844,0.26878759264945984,0.6393754482269287,0.4943353831768036,0.5769880414009094
228.0,0.36342594027519226,0.6080729365348816,0.260185182094574,0.0598958320915699,0.23172910511493683,0.6260539889335632,0.2593747079372406,0.6353157162666321,0.49226289987564087,0.5774630904197693
229.0,0.35972222685813904,0.60546875,0.2657407522201538,0.05677083507180214,0.22685110569000244,0.624529242515564,0.2538256347179413,0.6319467425346375,0.4908377230167389,0.5763745903968811
230.0,0.3541666567325592,0.6036458611488342,0.26944443583488464,0.05416666716337204,0.21902206540107727,0.6210080981254578,0.24827563762664795,0.6296855807304382,0.4850683808326721,0.5751849412918091
231.0,0.35092592239379883,0.6005208492279053,0.27407407760620117,0.05000000074505806,0.21349862217903137,0.6138725876808167,0.24194972217082977,0.6251181364059448,0.48680758476257324,0.5748777985572815
232.0,0.3444444537162781,0.59765625,0.2777777910232544,0.0442708320915699,0.20496314764022827,0.6075983047485352,0.23414215445518494,0.6207319498062134,0.48036396503448486,0.5738112330436707
233.0,0.34074074029922485,0.594531238079071,0.28148147463798523,0.0390625,0.20212040841579437,0.6017313003540039,0.22975532710552216,0.6156266927719116,0.47763413190841675,0.5743827223777771
234.0,0.33472222089767456,0.5921875238418579,0.28425925970077515,0.03437500074505806,0.1928495317697525,0.5942049026489258,0.22237221896648407,0.6093778014183044,0.46950826048851013,0.5737544894218445
235.0,0.33194443583488464,0.5888020992279053,0.28425925970077515,0.02968749962747097,0.19160912930965424,0.5906139016151428,0.21784590184688568,0.603230357170105,0.46735498309135437,0.5722569823265076
236.0,0.3282407522201538,0.5856770873069763,0.28425925970077515,0.02552083320915699,0.18707658350467682,0.5842748880386353,0.21324582397937775,0.5976386666297913,0.46347692608833313,0.5710754990577698
237.0,0.32592591643333435,0.5825520753860474,0.2907407283782959,0.0234375,0.17914226651191711,0.58076012134552,0.20610174536705017,0.5929672122001648,0.4622548222541809,0.5714057683944702
238.0,0.31805557012557983,0.578906238079071,0.28611111640930176,0.02031249925494194,0.17701652646064758,0.5745744109153748,0.205005943775177,0.5900443196296692,0.457017719745636,0.5687453746795654
239.0,0.3152777850627899,0.5755208134651184,0.28240740299224854,0.01770833320915699,0.1752122938632965,0.5700910091400146,0.20007823407649994,0.5838813781738281,0.4559398293495178,0.567879319190979
240.0,0.3134259283542633,0.5716145634651184,0.28240740299224854,0.01406249962747097,0.1751748025417328,0.5640648603439331,0.19918371737003326,0.5788710713386536,0.4540776014328003,0.5665165781974792
241.0,0.3134259283542633,0.5648437738418579,0.28425925970077515,0.015104166232049465,0.1736154854297638,0.5585458278656006,0.195806086063385,0.572109043598175,0.45035579800605774,0.566010594367981
242.0,0.3087962865829468,0.5572916865348816,0.2805555462837219,0.01666666753590107,0.1742226779460907,0.5494338274002075,0.19346843659877777,0.5648601651191711,0.4414307475090027,0.56435227394104
243.0,0.3115740716457367,0.5533854365348816,0.28240740299224854,0.01927083358168602,0.17016515135765076,0.5441299080848694,0.19119159877300262,0.5602522492408752,0.4450300633907318,0.5632768273353577
244.0,0.3106481432914734,0.5497395992279053,0.2787036895751953,0.0234375,0.17198094725608826,0.5398589968681335,0.19070428609848022,0.5554913282394409,0.4414583742618561,0.5627782344818115
245.0,0.3083333373069763,0.5463541746139526,0.2759259343147278,0.02708333358168602,0.17118731141090393,0.5333473682403564,0.18936723470687866,0.5486243963241577,0.43683457374572754,0.5609878301620483
246.0,0.3064814805984497,0.5432291626930237,0.27037036418914795,0.03020833246409893,0.17098131775856018,0.5280254483222961,0.18859121203422546,0.5438745617866516,0.43433457612991333,0.5592984557151794
247.0,0.30416667461395264,0.5395833253860474,0.2638888955116272,0.03541666641831398,0.17735695838928223,0.5218101739883423,0.19236573576927185,0.5367807149887085,0.428798109292984,0.5574795007705688
248.0,0.30416667461395264,0.5354166626930237,0.25833332538604736,0.03958333283662796,0.1779765784740448,0.5167794227600098,0.1929941177368164,0.532252848148346,0.4249095022678375,0.5568667650222778
249.0,0.3064814805984497,0.5315104126930237,0.25,0.04114583507180214,0.1851922571659088,0.5108024477958679,0.19813871383666992,0.5264386534690857,0.42321717739105225,0.5541189312934875
250.0,0.307407408952713,0.52734375,0.24629630148410797,0.04635416716337204,0.18720439076423645,0.5045567154884338,0.1993636041879654,0.5196859836578369,0.4207977056503296,0.5525529384613037
251.0,0.30601853132247925,0.5236979126930237,0.2361111044883728,0.0494791679084301,0.18954958021640778,0.4987870752811432,0.20222051441669464,0.5158323049545288,0.4156523644924164,0.5492928624153137
252.0,0.3064814805984497,0.5192708373069763,0.22962963581085205,0.05312500149011612,0.19188322126865387,0.494302898645401,0.2042919248342514,0.5072875618934631,0.4156503677368164,0.5458659529685974
253.0,0.31018519401550293,0.5153645873069763,0.2203703671693802,0.05781250074505806,0.19926847517490387,0.487108439207077,0.21179698407649994,0.49714040756225586,0.4146316349506378,0.5465115904808044
254.0,0.31111112236976624,0.5130208134651184,0.21666666865348816,0.0625,0.2008943110704422,0.4847586750984192,0.21609552204608917,0.49125245213508606,0.41503453254699707,0.5448703169822693
255.0,0.3143518567085266,0.5078125,0.20648148655891418,0.06458333134651184,0.20886674523353577,0.4769219756126404,0.22110575437545776,0.4886621832847595,0.4119050204753876,0.5409234166145325
256.0,0.31805557012557983,0.5041666626930237,0.19722221791744232,0.0677083358168602,0.21574606001377106,0.46996572613716125,0.22551454603672028,0.48086804151535034,0.41331857442855835,0.5394071340560913
257.0,0.32083332538604736,0.5002604126930237,0.1805555522441864,0.07135416567325592,0.2268390655517578,0.4647105932235718,0.23407955467700958,0.4752195179462433,0.40996047854423523,0.5380452275276184
258.0,0.32175925374031067,0.4971354305744171,0.17685185372829437,0.07239583134651184,0.23170354962348938,0.4636456072330475,0.24264498054981232,0.47066912055015564,0.40781500935554504,0.5335217714309692
259.0,0.3273148238658905,0.4924479126930237,0.16203702986240387,0.0755208358168602,0.24430648982524872,0.45472753047943115,0.24733491241931915,0.4660851061344147,0.40842312574386597,0.5300420522689819
260.0,0.33101850748062134,0.48880207538604736,0.1527777761220932,0.07656250149011612,0.2534845471382141,0.4511147141456604,0.2561488449573517,0.4633561372756958,0.4067571461200714,0.5272380113601685
261.0,0.3351851999759674,0.484375,0.1388888955116272,0.08020833134651184,0.2656439542770386,0.4462951123714447,0.2666863203048706,0.45832109451293945,0.4065895080566406,0.5245832800865173
262.0,0.33981481194496155,0.4817708432674408,0.12962962687015533,0.08124999701976776,0.27299636602401733,0.4412306845188141,0.2734365463256836,0.4549770653247833,0.4071027338504791,0.5209385752677917
263.0,0.34583333134651184,0.47734373807907104,0.11759259551763535,0.08281250298023224,0.28821030259132385,0.43619462847709656,0.2882939577102661,0.447422057390213,0.4061526358127594,0.5193553566932678
264.0,0.3523148000240326,0.4742187559604645,0.10462962836027145,0.08281250298023224,0.2997821867465973,0.43321433663368225,0.29883116483688354,0.44280102849006653,0.408233106136322,0.5150068402290344
265.0,0.3583333194255829,0.4697916805744171,0.09074074029922485,0.08437500149011612,0.315645307302475,0.4291001856327057,0.3108617663383484,0.4381204843521118,0.40709203481674194,0.5110908150672913
266.0,0.3643518388271332,0.4671874940395355,0.07870370149612427,0.08645833283662796,0.33106136322021484,0.42478546500205994,0.3239800035953522,0.4336714446544647,0.40527984499931335,0.5099321007728577
267.0,0.3708333373069763,0.46406251192092896,0.06759259104728699,0.08437500149011612,0.34479886293411255,0.4227512776851654,0.3349677324295044,0.43060681223869324,0.40452632308006287,0.506926953792572
268.0,0.37962964177131653,0.46041667461395264,0.05740740895271301,0.08645833283662796,0.3589121699333191,0.41961050033569336,0.35020825266838074,0.4272524118423462,0.40820810198783875,0.5052297711372375
269.0,0.3861111104488373,0.4572916626930237,0.04259259253740311,0.08749999850988388,0.37189745903015137,0.41458576917648315,0.36480021476745605,0.4294198453426361,0.4087086319923401,0.503237783908844
270.0,0.39259257912635803,0.4546875059604645,0.025925925001502037,0.08645833283662796,0.38782164454460144,0.4131471812725067,0.3784346878528595,0.42453330755233765,0.4079264998435974,0.49876970052719116
271.0,0.40138888359069824,0.45260417461395264,0.015740741044282913,0.08645833283662796,0.4065331816673279,0.41229045391082764,0.39151519536972046,0.41937270760536194,0.41007015109062195,0.49503591656684875
272.0,,,,,,,,,,
273.0,0.4263888895511627,0.4476562440395355,0.021296296268701553,0.08489583432674408,0.43667736649513245,0.40835484862327576,0.422355592250824,0.41598275303840637,0.41396406292915344,0.49135878682136536
274.0,0.4342592656612396,0.44583332538604736,0.031481482088565826,0.0833333358168602,0.44662174582481384,0.4059160053730011,0.43942999839782715,0.41588151454925537,0.4171788692474365,0.48758384585380554
275.0,0.4435185194015503,0.4437499940395355,0.04444444552063942,0.08229167014360428,0.4612898826599121,0.40481239557266235,0.45317259430885315,0.413036048412323,0.4198073446750641,0.48474618792533875
276.0,0.4532407522201538,0.44192707538604736,0.05833333358168602,0.0807291641831398,0.4778916537761688,0.403175413608551,0.46799609065055847,0.41195929050445557,0.42293524742126465,0.4823688268661499
277.0,0.4643518626689911,0.44088542461395264,0.07314814627170563,0.07864583283662796,0.49556827545166016,0.40237322449684143,0.48476654291152954,0.41042560338974,0.4266219735145569,0.4812350869178772
278.0,0.47453704476356506,0.4390625059604645,0.08611111342906952,0.078125,0.512369692325592,0.40269312262535095,0.5002422332763672,0.40996235609054565,0.4314107596874237,0.4791210889816284
279.0,0.4842592477798462,0.4377604126930237,0.09814814478158951,0.0755208358168602,0.5298857688903809,0.40245261788368225,0.5180160403251648,0.4098982512950897,0.43499526381492615,0.47643205523490906
280.0,0.494907408952713,0.43697917461395264,0.1120370402932167,0.07500000298023224,0.5467253923416138,0.40026745200157166,0.5376647114753723,0.4079330861568451,0.43943706154823303,0.4740050137042999
281.0,0.5046296119689941,0.43671876192092896,0.1240740716457367,0.07239583134651184,0.5664704442024231,0.40260496735572815,0.5541355609893799,0.40872472524642944,0.44450703263282776,0.4730958342552185
282.0,0.5143518447875977,0.43671876192092896,0.13425925374031067,0.06822916865348816,0.5799030065536499,0.4047758877277374,0.5698585510253906,0.41180655360221863,0.4481412172317505,0.4716082513332367
283.0,0.5245370268821716,0.4361979067325592,0.14537036418914795,0.0651041641831398,0.5983487963676453,0.4070470631122589,0.5855493545532227,0.41247981786727905,0.4523675739765167,0.46924319863319397
284.0,0.5356481671333313,0.4359374940395355,0.1546296328306198,0.06145833432674408,0.6136462092399597,0.4096516966819763,0.598810076713562,0.413659930229187,0.4584082365036011,0.4674970209598541
285.0,0.5449073910713196,0.4361979067325592,0.16203702986240387,0.05677083507180214,0.6253499388694763,0.41286763548851013,0.6105583310127258,0.41655129194259644,0.46357056498527527,0.4661821722984314
286.0,0.5546296238899231,0.43697917461395264,0.17592592537403107,0.05416666716337204,0.64126056432724,0.41400331258773804,0.6256174445152283,0.4175978899002075,0.46640917658805847,0.4659275710582733
287.0,0.5629629492759705,0.43828123807907104,0.18703703582286835,0.0494791679084301,0.6567362546920776,0.4169268012046814,0.6380874514579773,0.4194488823413849,0.4691442549228668,0.4649847745895386
288.0,0.5722222328186035,0.4388020932674408,0.20185184478759766,0.04531250149011612,0.6725570559501648,0.41932573914527893,0.6524242758750916,0.4214775860309601,0.4704699218273163,0.46438106894493103
289.0,0.5805555582046509,0.44088542461395264,0.2092592567205429,0.03802083432674408,0.6838370561599731,0.42422494292259216,0.6627724170684814,0.42538654804229736,0.47764384746551514,0.4622384011745453
290.0,0.5893518328666687,0.4427083432674408,0.21759259700775146,0.03229166567325592,0.693740725517273,0.43205854296684265,0.6711596846580505,0.43113285303115845,0.4813339114189148,0.460604727268219
291.0,0.5995370149612427,0.44348958134651184,0.22870370745658875,0.02864583395421505,0.710028350353241,0.4339529871940613,0.6860149502754211,0.43209174275398254,0.48276224732398987,0.45857179164886475
292.0,0.6078703999519348,0.44479167461395264,0.2361111044883728,0.02395833283662796,0.7243058085441589,0.4379820227622986,0.700254499912262,0.4355509877204895,0.4884480834007263,0.4566062390804291
293.0,0.6143518686294556,0.4463541805744171,0.24351851642131805,0.01979166641831398,0.7332111597061157,0.4426216781139374,0.7087464332580566,0.4401877522468567,0.49695655703544617,0.45562902092933655
294.0,0.6203703880310059,0.44739583134651184,0.2481481432914734,0.014583333395421505,0.7423603534698486,0.4466738700866699,0.7176458239555359,0.4437522292137146,0.500493049621582,0.4549582600593567
295.0,0.6296296119689941,0.4507812559604645,0.24444444477558136,0.010937499813735485,0.7498145699501038,0.4520547688007355,0.7261748909950256,0.44666406512260437,0.512007474899292,0.4550006091594696
296.0,0.6342592835426331,0.45260417461395264,0.2481481432914734,0.008333333767950535,0.7569503784179688,0.4544871747493744,0.7335092425346375,0.45020535588264465,0.5133438110351562,0.45411020517349243
297.0,0.6379629373550415,0.45520833134651184,0.2537037134170532,0.0062500000931322575,0.7663836479187012,0.457730770111084,0.7423239946365356,0.4538981318473816,0.5127888321876526,0.45421820878982544
298.0,0.6439814567565918,0.45651042461395264,0.2620370388031006,0.0078125,0.7733263373374939,0.4610753059387207,0.7507981061935425,0.4591555893421173,0.5195951461791992,0.45235878229141235
299.0,0.6458333134651184,0.4580729305744171,0.260185182094574,0.01197916641831398,0.7741382122039795,0.4634953737258911,0.7527986764907837,0.46087223291397095,0.5236302018165588,0.45122697949409485
300.0,0.647685170173645,0.4609375,0.25833332538604736,0.01979166641831398,0.7758299708366394,0.4699932634830475,0.7584617137908936,0.4648905098438263,0.5285564661026001,0.4502114951610565
301.0,0.6550925970077515,0.4611979126930237,0.25648146867752075,0.0234375,0.7774127125740051,0.47276487946510315,0.7611926198005676,0.467483788728714,0.5311033725738525,0.4491114318370819
302.0,0.6569444537162781,0.4635416567325592,0.260185182094574,0.02812499925494194,0.7800058722496033,0.4752591550350189,0.7642205953598022,0.47017985582351685,0.5308880805969238,0.44935542345046997
303.0,0.6597222089767456,0.46484375,0.260185182094574,0.03177083283662796,0.783711314201355,0.47883784770965576,0.7690929770469666,0.47298574447631836,0.5317699909210205,0.44947993755340576
304.0,0.6625000238418579,0.4658854305744171,0.25833332538604736,0.03489583358168602,0.7859719395637512,0.4823208451271057,0.7711877822875977,0.4763956665992737,0.5343522429466248,0.4484928846359253
305.0,0.6625000238418579,0.46692708134651184,0.25648146867752075,0.03802083432674408,0.785133957862854,0.48410743474960327,0.7700956463813782,0.47846919298171997,0.5336058139801025,0.4481257498264313
306.0,0.6634259223937988,0.4677083194255829,0.25648146867752075,0.04062499850988388,0.7901466488838196,0.4851698577404022,0.7737366557121277,0.48154309391975403,0.5340280532836914,0.4459058940410614
307.0,0.6652777791023254,0.4684895873069763,0.25462964177131653,0.04322916641831398,0.7935764193534851,0.4875069856643677,0.7775741219520569,0.48328617215156555,0.5360491871833801,0.4459337890148163
308.0,0.6666666865348816,0.46953123807907104,0.25555557012557983,0.04531250149011612,0.7960857152938843,0.48910078406333923,0.7799763679504395,0.4848373234272003,0.5376605987548828,0.4458017945289612
309.0,0.667129635810852,0.4700520932674408,0.25462964177131653,0.04843749850988388,0.794548749923706,0.4910794794559479,0.7753860950469971,0.4880794882774353,0.5419384241104126,0.44463032484054565
310.0,0.6689814925193787,0.47057291865348816,0.2509259283542633,0.0494791679084301,0.7946564555168152,0.49218299984931946,0.7758611440658569,0.4889703094959259,0.5435538291931152,0.4446850121021271
311.0,0.6694444417953491,0.4713541567325592,0.25,0.05104166641831398,0.7943909764289856,0.4933491051197052,0.7760898470878601,0.489982545375824,0.5443971157073975,0.4444124400615692
312.0,0.6699073910713196,0.47187501192092896,0.2509259283542633,0.0520833320915699,0.795235276222229,0.4937732517719269,0.7768435478210449,0.49057531356811523,0.5444319844245911,0.44436585903167725
313.0,0.6708333492279053,0.4713541567325592,0.2527777850627899,0.05104166641831398,0.7963771820068359,0.4936918020248413,0.7784827947616577,0.4897090196609497,0.5455068945884705,0.4443071782588959
314.0,0.6712962985038757,0.4713541567325592,0.2518518567085266,0.05104166641831398,0.7968701124191284,0.4932387173175812,0.7789658308029175,0.48980677127838135,0.5466290712356567,0.4444397985935211
315.0,0.6722221970558167,0.47083333134651184,0.2518518567085266,0.05000000074505806,0.7971446514129639,0.49252912402153015,0.7792112231254578,0.4892495274543762,0.547465443611145,0.4444836378097534
316.0,0.6726852059364319,0.47083333134651184,0.2527777850627899,0.05000000074505806,0.7980334162712097,0.49166688323020935,0.7796175479888916,0.489143043756485,0.5479610562324524,0.4444277584552765
317.0,0.6722221970558167,0.46953123807907104,0.2537037134170532,0.04635416716337204,0.799203634262085,0.49027740955352783,0.7839296460151672,0.4857763946056366,0.5437441468238831,0.44566261768341064
318.0,0.6717592477798462,0.46822917461395264,0.2527777850627899,0.04374999925494194,0.7989588379859924,0.4880995750427246,0.783239483833313,0.48385757207870483,0.5432148575782776,0.4456467926502228
319.0,0.6722221970558167,0.4671874940395355,0.25555557012557983,0.0416666679084301,0.8006940484046936,0.484916627407074,0.7833029627799988,0.48241961002349854,0.543036699295044,0.445583313703537
320.0,0.6726852059364319,0.4658854305744171,0.25648146867752075,0.0390625,0.8012490272521973,0.4827866852283478,0.7832722067832947,0.4806693196296692,0.5429497361183167,0.4457274377346039
321.0,0.6712962985038757,0.4658854305744171,0.25555557012557983,0.03802083432674408,0.7971760630607605,0.48257264494895935,0.7812168598175049,0.4778754413127899,0.5424437522888184,0.4467073678970337
322.0,0.6689814925193787,0.4645833373069763,0.25648146867752075,0.03541666641831398,0.796061098575592,0.47991302609443665,0.7801139950752258,0.4756516218185425,0.5412861108779907,0.4465898871421814
323.0,0.6662036776542664,0.46276041865348816,0.25833332538604736,0.03177083283662796,0.7946079969406128,0.47500354051589966,0.7770543098449707,0.4722464978694916,0.5399664044380188,0.4467525780200958
324.0,0.664814829826355,0.46041667461395264,0.25740739703178406,0.02708333358168602,0.7915167212486267,0.470736563205719,0.7736401557922363,0.4683590531349182,0.5396218299865723,0.4470251798629761
325.0,0.6620370149612427,0.4596354067325592,0.2611111104488373,0.02447916753590107,0.7903111577033997,0.4694986939430237,0.7728442549705505,0.46627146005630493,0.5368305444717407,0.44719743728637695
326.0,0.6592592597007751,0.4572916626930237,0.2611111104488373,0.01770833320915699,0.7844856977462769,0.4641821086406708,0.7645272612571716,0.46158573031425476,0.5352017879486084,0.4484204649925232
327.0,0.6560184955596924,0.4559895694255829,0.2638888955116272,0.01406249962747097,0.783523678779602,0.4626438319683075,0.7626387476921082,0.4595947563648224,0.5301687717437744,0.44909507036209106
328.0,0.6486111283302307,0.4546875059604645,0.25648146867752075,0.00937500037252903,0.7751703262329102,0.46123063564300537,0.7541307806968689,0.4564450979232788,0.525343656539917,0.45019516348838806
329.0,0.6435185074806213,0.453125,0.2537037134170532,0.0072916666977107525,0.7707540392875671,0.4550580382347107,0.7479576468467712,0.4515145421028137,0.5189922451972961,0.4529048502445221
330.0,0.6342592835426331,0.4481770694255829,0.25555557012557983,0.008854166604578495,0.7603757381439209,0.4506450891494751,0.7374106645584106,0.4470708668231964,0.5103278160095215,0.45152172446250916
331.0,0.6296296119689941,0.4476562440395355,0.25555557012557983,0.013020833022892475,0.7536205649375916,0.44812536239624023,0.7285131812095642,0.4434860944747925,0.5046026706695557,0.45398619771003723
332.0,0.6189814805984497,0.4466145932674408,0.24537037312984467,0.01927083358168602,0.739740788936615,0.44373905658721924,0.7138916850090027,0.4408375322818756,0.49952074885368347,0.4558108150959015
333.0,0.6111111044883728,0.44609373807907104,0.23888888955116272,0.02552083320915699,0.7272635102272034,0.4386267364025116,0.7028145790100098,0.43524453043937683,0.4928559362888336,0.4580095708370209
334.0,0.5990740656852722,0.44583332538604736,0.22777777910232544,0.03333333507180214,0.708625078201294,0.43388164043426514,0.6839599609375,0.43085962533950806,0.48421353101730347,0.4622799754142761
335.0,0.585185170173645,0.4453125,0.2203703671693802,0.0416666679084301,0.6897172331809998,0.4299611747264862,0.6654395461082458,0.4291396141052246,0.4729258418083191,0.46798670291900635
336.0,0.5717592835426331,0.44583332538604736,0.20648148655891418,0.05104166641831398,0.6706439852714539,0.4238075613975525,0.648179292678833,0.42469221353530884,0.46635955572128296,0.47250720858573914
337.0,0.5564814805984497,0.4453125,0.18703703582286835,0.05833333358168602,0.6459189653396606,0.42018020153045654,0.6282902359962463,0.4240172803401947,0.462054044008255,0.4761509597301483
338.0,0.5388888716697693,0.4463541805744171,0.16296295821666718,0.06666667014360428,0.6205788850784302,0.4157188832759857,0.6041941046714783,0.4201449453830719,0.45840734243392944,0.47913315892219543
339.0,0.5222222208976746,0.44843751192092896,0.14629629254341125,0.07500000298023224,0.5965752005577087,0.4122827351093292,0.5774957537651062,0.4176064133644104,0.4468930661678314,0.48516225814819336
340.0,0.5037037134170532,0.45104166865348816,0.1240740716457367,0.08124999701976776,0.5675755739212036,0.41091838479042053,0.5477747917175293,0.4164048135280609,0.4432902932167053,0.49073076248168945
341.0,0.48472222685813904,0.45494791865348816,0.0972222238779068,0.08906249701976776,0.5304063558578491,0.41402652859687805,0.5138163566589355,0.4210217595100403,0.43592599034309387,0.4984070062637329
342.0,0.4662036895751953,0.4598958194255829,0.06759259104728699,0.09479166567325592,0.49755221605300903,0.41556107997894287,0.4781109392642975,0.4225155711174011,0.43289950489997864,0.5082260370254517
343.0,0.4444444477558136,0.4658854305744171,0.02777777798473835,0.09843750298023224,0.45931917428970337,0.41522401571273804,0.4446069896221161,0.4259543716907501,0.4291699528694153,0.5148085355758667
344.0,0.4194444417953491,0.47447916865348816,0.02222222276031971,0.10000000149011612,0.4192696213722229,0.4264713525772095,0.40735259652137756,0.43765074014663696,0.43186914920806885,0.5241541266441345
345.0,0.4018518626689911,0.4828124940395355,0.06666667014360428,0.09375,0.37635982036590576,0.4360869228839874,0.36813682317733765,0.4489075839519501,0.43457531929016113,0.5299785733222961
346.0,0.3828703761100769,0.4937500059604645,0.10833333432674408,0.08749999850988388,0.32779717445373535,0.4507058262825012,0.32603147625923157,0.46298548579216003,0.4395138919353485,0.5393513441085815
347.0,0.3712962865829468,0.5072916746139526,0.1537037044763565,0.08020833134651184,0.2939343750476837,0.4664590656757355,0.29472360014915466,0.4815464913845062,0.44329237937927246,0.548047661781311
348.0,0.35879629850387573,0.5210937261581421,0.19722221791744232,0.06302083283662796,0.2599717676639557,0.4895930588245392,0.2669741213321686,0.5042242407798767,0.4544074833393097,0.5525094270706177
349.0,0.34583333134651184,0.5369791388511658,0.2361111044883728,0.04062499850988388,0.23005037009716034,0.5182387232780457,0.2434682846069336,0.5317602753639221,0.4557816684246063,0.5567725896835327
350.0,0.3462963104248047,0.5557291507720947,0.2666666805744171,0.014583333395421505,0.2160773128271103,0.5498856902122498,0.23477084934711456,0.5630567669868469,0.4722771942615509,0.5614645481109619
351.0,0.35462963581085205,0.5799478888511658,0.2777777910232544,0.02656250074505806,0.21478193998336792,0.5815001130104065,0.23951023817062378,0.5909908413887024,0.4880092442035675,0.5657670497894287
352.0,0.37268519401550293,0.5966145992279053,0.2657407522201538,0.05781250074505806,0.23677566647529602,0.616674542427063,0.26485100388526917,0.6241777539253235,0.5030547976493835,0.5669320225715637
353.0,0.39814814925193787,0.6127604246139526,0.22962963581085205,0.08281250298023224,0.2791542708873749,0.6481587886810303,0.3043590188026428,0.6535307168960571,0.513580322265625,0.573177695274353
354.0,0.4416666626930237,0.6239583492279053,0.18333333730697632,0.10312499850988388,0.3474891483783722,0.6736041307449341,0.3611888587474823,0.6698942184448242,0.533225953578949,0.5725700259208679
355.0,0.49074074625968933,0.633593738079071,0.11296296119689941,0.11927083134651184,0.4389466643333435,0.6924946904182434,0.44930651783943176,0.6884219646453857,0.546781599521637,0.5732017755508423
356.0,0.5365740656852722,0.6434895992279053,0.05092592537403107,0.14010415971279144,0.5136181712150574,0.7114914059638977,0.5181787610054016,0.7043474912643433,0.560468316078186,0.5722237825393677
357.0,0.5870370268821716,0.6429687738418579,0.018518518656492233,0.13906249403953552,0.5937286615371704,0.710466206073761,0.5940502882003784,0.7053766846656799,0.577948272228241,0.5713277459144592
358.0,0.625,0.6382812261581421,0.06666667014360428,0.1328125,0.6677384376525879,0.7077646255493164,0.6569989323616028,0.7007991671562195,0.5888904333114624,0.5675333142280579
359.0,0.6657407283782959,0.6330729126930237,0.1259259283542633,0.12447916716337204,0.7235682010650635,0.6939474940299988,0.7072420120239258,0.688334584236145,0.6052001118659973,0.5704023838043213
360.0,0.7032407522201538,0.6223958134651184,0.17314815521240234,0.11249999701976776,0.7873725891113281,0.6766714453697205,0.7668484449386597,0.6719719171524048,0.6156800389289856,0.5630643367767334
361.0,0.7342592477798462,0.6104166507720947,0.21666666865348816,0.09791667014360428,0.8413761258125305,0.6572712063789368,0.8183799982070923,0.6571256518363953,0.6188900470733643,0.5599300265312195
362.0,0.7587962746620178,0.6005208492279053,0.23796296119689941,0.0885416641831398,0.8747019171714783,0.6441584825515747,0.8527226448059082,0.647599995136261,0.6342355012893677,0.5577694177627563
363.0,0.779629647731781,0.5854166746139526,0.2629629671573639,0.06666667014360428,0.9074442982673645,0.6118420958518982,0.887101948261261,0.6158793568611145,0.6511306762695312,0.5494161248207092
364.0,0.7907407283782959,0.5692708492279053,0.2666666805744171,0.04583333432674408,0.9203377366065979,0.5833213329315186,0.9004554748535156,0.5943094491958618,0.6583493947982788,0.5463958978652954
365.0,0.8064814805984497,0.5552083253860474,0.28148147463798523,0.03020833246409893,0.9440591335296631,0.5569971203804016,0.9246242046356201,0.568513810634613,0.6759405136108398,0.5396720170974731
366.0,0.8074073791503906,0.5372396111488342,0.28703704476356506,0.015104166232049465,0.9476187825202942,0.5331223607063293,0.9289027452468872,0.5441159009933472,0.669104278087616,0.5316420793533325
367.0,0.8037037253379822,0.5158854126930237,0.28148147463798523,0.01927083358168602,0.9442600607872009,0.5046810507774353,0.9266687631607056,0.5256393551826477,0.6734530329704285,0.5245243310928345
368.0,0.7976852059364319,0.5010416507720947,0.26944443583488464,0.03333333507180214,0.9310901761054993,0.4841073453426361,0.9144876003265381,0.5079455971717834,0.6686373949050903,0.5166623592376709
369.0,0.7939814925193787,0.4867187440395355,0.24166665971279144,0.04739583283662796,0.9110485911369324,0.46488916873931885,0.8946871757507324,0.4804733097553253,0.6739131808280945,0.5081959366798401
370.0,0.7768518328666687,0.47473958134651184,0.21851852536201477,0.05885416641831398,0.8844158053398132,0.4491942226886749,0.8722472190856934,0.46195459365844727,0.6637148261070251,0.5044102668762207
371.0,0.7634259462356567,0.4622395932674408,0.19166666269302368,0.06718750298023224,0.8552027940750122,0.4320289194583893,0.8460350036621094,0.44381415843963623,0.6674239635467529,0.4970528483390808
372.0,0.7430555820465088,0.4533854126930237,0.1657407432794571,0.06718750298023224,0.8264016509056091,0.4214929938316345,0.8171902894973755,0.430789053440094,0.6582788825035095,0.4888996481895447
373.0,0.7254629731178284,0.44348958134651184,0.14351852238178253,0.07760416716337204,0.7937309145927429,0.4068472981452942,0.7864335179328918,0.41649726033210754,0.6543014645576477,0.4815235435962677
374.0,0.706944465637207,0.43411457538604736,0.11944444477558136,0.08177082985639572,0.7609694600105286,0.394462913274765,0.7581464648246765,0.4045216143131256,0.6461833715438843,0.4752996861934662
375.0,0.6842592358589172,0.4273437559604645,0.09074074029922485,0.08697916567325592,0.7234805226325989,0.3869360089302063,0.7184854745864868,0.3965354263782501,0.638117790222168,0.47078123688697815
376.0,0.6625000238418579,0.4216145873069763,0.0694444477558136,0.08697916567325592,0.6855676770210266,0.3793424069881439,0.689520537853241,0.3920918405056,0.6262472867965698,0.4651387929916382
377.0,0.6412037014961243,0.4156250059604645,0.0416666679084301,0.08749999850988388,0.6508980393409729,0.37518900632858276,0.6549474000930786,0.38620510697364807,0.6178402304649353,0.4603270888328552
378.0,0.6120370626449585,0.41197916865348816,0.018518518656492233,0.0885416641831398,0.6064050793647766,0.3653009533882141,0.6174158453941345,0.3798094391822815,0.6086242198944092,0.45737046003341675
379.0,0.5824074149131775,0.4088541567325592,0.035185184329748154,0.08645833283662796,0.5660449862480164,0.3650934100151062,0.5821205973625183,0.37333735823631287,0.602456271648407,0.4529615044593811
380.0,0.5587962865829468,0.4072916805744171,0.06018518656492233,0.08437500149011612,0.5272088646888733,0.363968163728714,0.5460144281387329,0.3698295056819916,0.5908072590827942,0.4509570002555847
381.0,0.5351851582527161,0.40546876192092896,0.08703703433275223,0.0807291641831398,0.490150511264801,0.36428847908973694,0.5050594806671143,0.3656328320503235,0.580161988735199,0.44625285267829895
382.0,0.5120370388031006,0.40416666865348816,0.11296296119689941,0.07916666567325592,0.4551556706428528,0.36549556255340576,0.46998560428619385,0.3677712380886078,0.5696295499801636,0.44245603680610657
383.0,0.4902777671813965,0.4049479067325592,0.1398148089647293,0.0755208358168602,0.4177737534046173,0.36632341146469116,0.43319615721702576,0.36976465582847595,0.5606831312179565,0.44173485040664673
384.0,0.4703703820705414,0.40572917461395264,0.16296295821666718,0.07187499850988388,0.38593029975891113,0.36927682161331177,0.3986045718193054,0.37344107031822205,0.5526100397109985,0.4406646192073822
385.0,0.4495370388031006,0.4075520932674408,0.18611110746860504,0.0651041641831398,0.3548935651779175,0.3762931823730469,0.3768576979637146,0.3743300437927246,0.5381535887718201,0.43916693329811096
386.0,0.432407408952713,0.4091145694255829,0.2092592567205429,0.0598958320915699,0.3238304555416107,0.38154324889183044,0.3469467759132385,0.3791596591472626,0.529055655002594,0.4398590922355652
387.0,0.4138889014720917,0.41197916865348816,0.2240740805864334,0.05104166641831398,0.2987290918827057,0.392414391040802,0.32376259565353394,0.3855730891227722,0.5173603892326355,0.43867290019989014
388.0,0.39953702688217163,0.41614583134651184,0.24351851642131805,0.04270833358168602,0.272801011800766,0.40359506011009216,0.2995660603046417,0.39333024621009827,0.5137309432029724,0.43866053223609924
389.0,0.38657405972480774,0.42109376192092896,0.25833332538604736,0.03281249850988388,0.25514402985572815,0.4186989367008209,0.28147003054618835,0.40246737003326416,0.5050656795501709,0.4397141635417938
390.0,0.37361112236976624,0.4247395694255829,0.25833332538604736,0.02135416679084301,0.24697276949882507,0.42736849188804626,0.26514798402786255,0.41490888595581055,0.4952108860015869,0.43436887860298157
391.0,0.3652777671813965,0.4346354305744171,0.2620370388031006,0.01406249962747097,0.23797620832920074,0.44282659888267517,0.25266021490097046,0.43008849024772644,0.49101415276527405,0.4348468482494354
392.0,0.3578703701496124,0.44479167461395264,0.2657407522201538,0.01875000074505806,0.22968751192092896,0.45032602548599243,0.2437460720539093,0.4452475905418396,0.48384031653404236,0.435517281293869
393.0,0.35555556416511536,0.4505208432674408,0.2629629671573639,0.03020833246409893,0.2216750979423523,0.4551602303981781,0.23964464664459229,0.45815160870552063,0.48490431904792786,0.433696448802948
394.0,0.35462963581085205,0.45755207538604736,0.25740739703178406,0.04322916641831398,0.22630704939365387,0.4683733880519867,0.24080884456634521,0.4671555459499359,0.481423556804657,0.43432095646858215
395.0,0.3569444417953491,0.46562498807907104,0.24351851642131805,0.06041666492819786,0.2264595627784729,0.4964170753955841,0.2416568398475647,0.4761985242366791,0.476946622133255,0.4366510808467865
396.0,0.35879629850387573,0.47187501192092896,0.22870370745658875,0.06875000149011612,0.2432565540075302,0.5055027604103088,0.250274658203125,0.4861971437931061,0.47307896614074707,0.4372583031654358
397.0,0.3638888895511627,0.4778645932674408,0.21111111342906952,0.07760416716337204,0.2588282823562622,0.5178294777870178,0.2630714476108551,0.4966129660606384,0.465828001499176,0.4393576681613922
398.0,0.36944442987442017,0.48124998807907104,0.18888889253139496,0.08229167014360428,0.27275174856185913,0.5206799507141113,0.2779737412929535,0.5109066367149353,0.46077027916908264,0.44011130928993225
399.0,0.37731480598449707,0.4895833432674408,0.1675925999879837,0.09583333134651184,0.29794058203697205,0.5379973649978638,0.29438450932502747,0.5211369395256042,0.456584095954895,0.4416601359844208
400.0,0.3898148238658905,0.49661457538604736,0.14074073731899261,0.1067708358168602,0.3311149775981903,0.5510465502738953,0.3191433846950531,0.528747022151947,0.45824387669563293,0.4431937634944916
401.0,0.3976851999759674,0.5002604126930237,0.11759259551763535,0.10989583283662796,0.350912868976593,0.5549461245536804,0.3423505425453186,0.536805272102356,0.4546273648738861,0.44578081369400024
402.0,0.41111111640930176,0.503125011920929,0.09259258955717087,0.11249999701976776,0.37415117025375366,0.5601175427436829,0.3644524812698364,0.5413726568222046,0.4569522738456726,0.4480483829975128
403.0,0.42314815521240234,0.5072916746139526,0.06481481343507767,0.1145833358168602,0.400334894657135,0.5662868022918701,0.3921588659286499,0.5477659106254578,0.45395517349243164,0.45062553882598877
404.0,0.4375,0.5088541507720947,0.037962961941957474,0.11666666716337204,0.42864248156547546,0.567918598651886,0.4159131646156311,0.5519244074821472,0.4534696042537689,0.45110830664634705
405.0,0.4523148238658905,0.5111979246139526,0.013888888992369175,0.12031249701976776,0.45627859234809875,0.5716351270675659,0.4412054121494293,0.5542761087417603,0.4580956995487213,0.44953569769859314
406.0,0.4662036895751953,0.5122395753860474,0.02500000037252903,0.1223958358168602,0.4803239107131958,0.5747042894363403,0.4705210030078888,0.5593442320823669,0.4522460699081421,0.4481223523616791
407.0,0.4782407283782959,0.5122395753860474,0.049074072390794754,0.11927083134651184,0.5030450820922852,0.5726021528244019,0.49393659830093384,0.556318998336792,0.4513061046600342,0.4477597177028656
408.0,0.49537035822868347,0.512499988079071,0.07592592388391495,0.11770833283662796,0.5388460755348206,0.5687394738197327,0.5291622877120972,0.5525527596473694,0.45274654030799866,0.4507625997066498
409.0,0.5046296119689941,0.5132812261581421,0.10000000149011612,0.11614583432674408,0.5592119097709656,0.5689876675605774,0.5489553809165955,0.5542410016059875,0.45080581307411194,0.4521319270133972
410.0,0.5222222208976746,0.512499988079071,0.1259259283542633,0.11354167014360428,0.5898672938346863,0.5688521862030029,0.5744009613990784,0.5579309463500977,0.45535019040107727,0.45395225286483765
411.0,0.5337963104248047,0.5119791626930237,0.1398148089647293,0.11041666567325592,0.6052785515785217,0.5677139163017273,0.5872967839241028,0.5564795732498169,0.46324408054351807,0.45559200644493103
412.0,0.5435185432434082,0.5119791626930237,0.15740740299224854,0.10520832985639572,0.6221379041671753,0.5661156177520752,0.6061479449272156,0.5517758727073669,0.468016117811203,0.4567676782608032
413.0,0.552314817905426,0.5111979246139526,0.17499999701976776,0.10052083432674408,0.6361618041992188,0.5574463605880737,0.6223149299621582,0.5463973879814148,0.46443119645118713,0.4592880606651306
414.0,0.5625,0.5096353888511658,0.1935185194015503,0.0963541641831398,0.6534806489944458,0.5568097233772278,0.6402860283851624,0.5445212125778198,0.4630293846130371,0.4605456292629242
415.0,0.5699074268341064,0.5088541507720947,0.20648148655891418,0.09270833432674408,0.6696063280105591,0.5500187277793884,0.6557189226150513,0.5392874479293823,0.4641869068145752,0.46208861470222473
416.0,0.5782407522201538,0.5067708492279053,0.21388888359069824,0.08749999850988388,0.6806706786155701,0.5471904873847961,0.668167769908905,0.5363484621047974,0.46571725606918335,0.46379491686820984
417.0,0.5856481194496155,0.5052083134651184,0.2231481522321701,0.0833333358168602,0.6914132237434387,0.5460937023162842,0.6807900071144104,0.5335932970046997,0.4683229923248291,0.4649029076099396
418.0,0.5916666388511658,0.5033854246139526,0.23333333432674408,0.07864583283662796,0.703732430934906,0.5412009954452515,0.6912721991539001,0.5317084789276123,0.4701067805290222,0.46501997113227844
419.0,0.5967592597007751,0.5026041865348816,0.24166665971279144,0.07604166865348816,0.713556706905365,0.5391043424606323,0.701137900352478,0.5271798372268677,0.4722263216972351,0.4652770161628723
420.0,0.602314829826355,0.5002604126930237,0.2490740716457367,0.0703125,0.7229870557785034,0.5331476926803589,0.7087404131889343,0.5235060453414917,0.4753759801387787,0.4660690128803253
421.0,0.6069444417953491,0.500781238079071,0.25462964177131653,0.06718750298023224,0.7273463606834412,0.5296910405158997,0.7136443257331848,0.5179370641708374,0.4801020324230194,0.4667953848838806
422.0,0.6092592477798462,0.49921876192092896,0.25925925374031067,0.0651041641831398,0.7343230247497559,0.5303210020065308,0.7243414521217346,0.5178447365760803,0.4763532876968384,0.4664255380630493
423.0,0.6143518686294556,0.4976562559604645,0.2620370388031006,0.0598958320915699,0.7396973967552185,0.5264347791671753,0.729869544506073,0.5132831335067749,0.48499324917793274,0.46754324436187744
424.0,0.6180555820465088,0.4963541626930237,0.2657407522201538,0.05624999850988388,0.7430973649024963,0.5231172442436218,0.7330935597419739,0.5101379752159119,0.4863778054714203,0.46849921345710754
425.0,0.6208333373069763,0.4945312440395355,0.26944443583488464,0.05156249925494194,0.7479473948478699,0.5198929905891418,0.7377322316169739,0.5066860914230347,0.4859464168548584,0.468853622674942
426.0,0.6222222447395325,0.49401041865348816,0.27222222089767456,0.0494791679084301,0.7556819319725037,0.5170938968658447,0.743834912776947,0.5058628916740417,0.48523378372192383,0.4688586890697479
427.0,0.6240741014480591,0.49296873807907104,0.28148147463798523,0.04531250149011612,0.763592004776001,0.5151580572128296,0.7516173720359802,0.5018408298492432,0.484175443649292,0.4699602723121643
428.0,0.6287037134170532,0.49166667461395264,0.28518518805503845,0.0416666679084301,0.7651721239089966,0.5129992961883545,0.7538478374481201,0.5007526278495789,0.48869675397872925,0.46970799565315247
429.0,0.6296296119689941,0.4908854067325592,0.28518518805503845,0.04010416567325592,0.7671619057655334,0.5107817649841309,0.7547920942306519,0.49913904070854187,0.489593505859375,0.4706712067127228
430.0,0.6287037134170532,0.49036458134651184,0.2907407283782959,0.03697916492819786,0.7712363600730896,0.5079393982887268,0.7569321990013123,0.4973657429218292,0.4884170591831207,0.4717414677143097
431.0,0.6314814686775208,0.4898437559604645,0.28703704476356506,0.03489583358168602,0.7739299535751343,0.5069026350975037,0.7596818208694458,0.49589765071868896,0.49177002906799316,0.47255322337150574
432.0,0.6328703761100769,0.4898437559604645,0.28796297311782837,0.0338541679084301,0.7776119112968445,0.5060717463493347,0.7627518773078918,0.4954933524131775,0.49301180243492126,0.4728676974773407
433.0,0.6342592835426331,0.4893229305744171,0.28703704476356506,0.0338541679084301,0.7796741127967834,0.5044132471084595,0.7632920145988464,0.4970712959766388,0.4958397150039673,0.4727482795715332
434.0,0.6342592835426331,0.48880207538604736,0.2888889014720917,0.03281249850988388,0.7814469337463379,0.5033289790153503,0.7643513083457947,0.49642741680145264,0.495052307844162,0.4728500545024872
435.0,0.6347222328186035,0.48880207538604736,0.2916666567325592,0.03281249850988388,0.7831493616104126,0.5029483437538147,0.765434741973877,0.4963362514972687,0.4939734637737274,0.47282540798187256
436.0,0.6347222328186035,0.4885416626930237,0.29722222685813904,0.03125,0.7843703031539917,0.5032292008399963,0.7672998905181885,0.4949137568473816,0.49243655800819397,0.4728846848011017
437.0,0.6342592835426331,0.48880207538604736,0.30000001192092896,0.03177083283662796,0.7851045727729797,0.5038788914680481,0.7680912613868713,0.4949256479740143,0.49035727977752686,0.47327521443367004
438.0,0.6328703761100769,0.4893229305744171,0.3027777671813965,0.03281249850988388,0.7847318649291992,0.5049836039543152,0.7677221298217773,0.4953143000602722,0.48769694566726685,0.47330957651138306
439.0,0.6324074268341064,0.4893229305744171,0.3018518388271332,0.03281249850988388,0.7837011218070984,0.5050637125968933,0.7665835022926331,0.4960864782333374,0.4877869188785553,0.47345399856567383
440.0,0.6314814686775208,0.49010416865348816,0.29814815521240234,0.03333333507180214,0.781959056854248,0.5057389736175537,0.7651897072792053,0.49628421664237976,0.48872679471969604,0.47346892952919006
441.0,0.6314814686775208,0.49010416865348816,0.2944444417953491,0.03541666641831398,0.7793627381324768,0.5075806975364685,0.7639951109886169,0.4959561228752136,0.4891616404056549,0.4729882776737213
442.0,0.6314814686775208,0.49036458134651184,0.2944444417953491,0.03697916492819786,0.778537392616272,0.5093302130699158,0.7644423842430115,0.49643781781196594,0.4890636205673218,0.4723522961139679
443.0,0.6347222328186035,0.4911458194255829,0.28240740299224854,0.04062499850988388,0.7735366821289062,0.5120192170143127,0.761867880821228,0.49919047951698303,0.4965965449810028,0.47087377309799194
444.0,0.6342592835426331,0.4921875,0.2796296179294586,0.04374999925494194,0.7689186334609985,0.5144463777542114,0.7581725120544434,0.501716673374176,0.4979459345340729,0.46973663568496704
445.0,0.6342592835426331,0.4934895932674408,0.2759259343147278,0.04739583283662796,0.7659271955490112,0.5169510841369629,0.7563051581382751,0.5038273334503174,0.4998567998409271,0.46923357248306274
446.0,0.6333333253860474,0.4945312440395355,0.2759259343147278,0.0494791679084301,0.7640032768249512,0.518234372138977,0.7537040710449219,0.5060354471206665,0.49921083450317383,0.46891525387763977
447.0,0.6310185194015503,0.49609375,0.27129629254341125,0.05364583432674408,0.7642470002174377,0.5204595923423767,0.752350389957428,0.5087280869483948,0.4956326484680176,0.46870800852775574
448.0,0.6300926208496094,0.4971354305744171,0.26759257912635803,0.05677083507180214,0.7639253735542297,0.523265540599823,0.751989483833313,0.5119209885597229,0.49626272916793823,0.46810415387153625
449.0,0.6268518567085266,0.4986979067325592,0.2611111104488373,0.06093750149011612,0.7534574270248413,0.5269353985786438,0.7431968450546265,0.5148695707321167,0.4943406283855438,0.46766048669815063
450.0,0.6263889074325562,0.49921876192092896,0.25833332538604736,0.06406249850988388,0.7485092282295227,0.5273416638374329,0.7360392808914185,0.5181502103805542,0.49545395374298096,0.46686431765556335
451.0,0.625,0.5002604126930237,0.2537037134170532,0.06718750298023224,0.7439213991165161,0.5318089127540588,0.7317224740982056,0.5233814716339111,0.49495765566825867,0.46665656566619873
452.0,0.6217592358589172,0.5015624761581421,0.2509259283542633,0.07083333283662796,0.7392505407333374,0.5348784923553467,0.7270731329917908,0.5264552235603333,0.4926172196865082,0.46638745069503784
453.0,0.6175925731658936,0.5033854246139526,0.24629630148410797,0.07447917014360428,0.7354813814163208,0.5382868051528931,0.7216954827308655,0.529184103012085,0.49110594391822815,0.46710655093193054
454.0,0.6143518686294556,0.504687488079071,0.23981481790542603,0.078125,0.7299895882606506,0.542980432510376,0.7170076966285706,0.5324162244796753,0.48909956216812134,0.46663105487823486
455.0,0.6097221970558167,0.5062500238418579,0.23055554926395416,0.08229167014360428,0.7195447087287903,0.5453961491584778,0.7073569893836975,0.5360470414161682,0.49120816588401794,0.46661919355392456
456.0,0.6060185432434082,0.507031261920929,0.2231481522321701,0.08489583432674408,0.7085942625999451,0.5499735474586487,0.699417233467102,0.5370323657989502,0.4913938045501709,0.4661812484264374
457.0,0.6027777791023254,0.5088541507720947,0.21481481194496155,0.08958332985639572,0.7056172490119934,0.549383282661438,0.6921843886375427,0.5400201678276062,0.4928266704082489,0.46494239568710327
458.0,0.5981481671333313,0.5106770992279053,0.20555555820465088,0.09322916716337204,0.6949736475944519,0.5551420450210571,0.6831091642379761,0.5434804558753967,0.4932880103588104,0.4648507535457611
459.0,0.5949074029922485,0.512499988079071,0.19722221791744232,0.09687499701976776,0.68636554479599,0.5584050416946411,0.6755706071853638,0.5454005599021912,0.49404171109199524,0.4650458097457886
460.0,0.5884259343147278,0.5145833492279053,0.18611110746860504,0.10208333283662796,0.6778784990310669,0.561100959777832,0.664077639579773,0.5497369170188904,0.4959411025047302,0.4623686373233795
461.0,0.582870364189148,0.5151041746139526,0.17685185372829437,0.10520832985639572,0.6651179194450378,0.5651520490646362,0.6535949110984802,0.5513142347335815,0.4946250021457672,0.461549311876297
462.0,0.5754629373550415,0.5166666507720947,0.16203702986240387,0.109375,0.6538969278335571,0.5685147643089294,0.645401656627655,0.5515813827514648,0.4938886761665344,0.4612531065940857
463.0,0.5675926208496094,0.5177083611488342,0.14629629254341125,0.11249999701976776,0.639491081237793,0.5709224939346313,0.6310176849365234,0.5539540648460388,0.493397980928421,0.46006765961647034
464.0,0.5601851940155029,0.5184895992279053,0.13148148357868195,0.11614583432674408,0.6246383786201477,0.5732982754707336,0.6166430711746216,0.558896005153656,0.4932241439819336,0.4581931233406067
465.0,0.5518518686294556,0.518750011920929,0.11666666716337204,0.11874999850988388,0.6103222370147705,0.576248049736023,0.5997720956802368,0.5638177990913391,0.49030449986457825,0.456121027469635
466.0,0.5462962985038757,0.5179687738418579,0.1111111119389534,0.12135417014360428,0.6049585342407227,0.5800746083259583,0.5910670161247253,0.5690411925315857,0.4898624122142792,0.4536265730857849
467.0,0.5319444537162781,0.518750011920929,0.0824074074625969,0.12187500298023224,0.5765960812568665,0.5768305063247681,0.5694531202316284,0.5635945796966553,0.48681962490081787,0.4536590278148651
468.0,0.5254629850387573,0.5177083611488342,0.0694444477558136,0.12291666865348816,0.5639676451683044,0.576538622379303,0.5558404922485352,0.5659732222557068,0.4867684245109558,0.4519372284412384
469.0,0.5189814567565918,0.5192708373069763,0.05833333358168602,0.12916666269302368,0.5568869113922119,0.5796897411346436,0.5505721569061279,0.5667198896408081,0.48485103249549866,0.44875556230545044
470.0,,,,,,,,,,
471.0,0.49768519401550293,0.516406238079071,0.01944444514811039,0.12343750149011612,0.509512722492218,0.5778623223304749,0.5009799599647522,0.5633842349052429,0.4869222044944763,0.452945351600647
472.0,0.4893518388271332,0.5161458253860474,0.015740741044282913,0.12708333134651184,0.49224814772605896,0.5796340107917786,0.4817996025085449,0.5665254592895508,0.4892786741256714,0.4479917883872986
473.0,0.47962963581085205,0.5153645873069763,0.02777777798473835,0.12343750149011612,0.47150734066963196,0.5777007341384888,0.46420273184776306,0.5638942718505859,0.48553788661956787,0.4506581127643585
474.0,0.46990740299224854,0.5138021111488342,0.043518517166376114,0.1223958358168602,0.45655548572540283,0.5735324025154114,0.44440963864326477,0.5554825067520142,0.48512059450149536,0.4482054114341736
475.0,0.4611110985279083,0.5104166865348816,0.06481481343507767,0.11874999850988388,0.4383808970451355,0.5712648034095764,0.42952054738998413,0.5550692677497864,0.4894452691078186,0.4520413279533386
476.0,0.45092591643333435,0.508593738079071,0.08518518507480621,0.11614583432674408,0.4191420376300812,0.5709171295166016,0.4152470529079437,0.5555692315101624,0.49269893765449524,0.4510299861431122
477.0,0.44212964177131653,0.507031261920929,0.09907407313585281,0.11510416865348816,0.40405458211898804,0.5673684477806091,0.3936457931995392,0.5490911602973938,0.49246618151664734,0.45119068026542664
478.0,0.43518519401550293,0.5065104365348816,0.11296296119689941,0.11406250298023224,0.3877386748790741,0.5596859455108643,0.38512158393859863,0.5423690676689148,0.4897986650466919,0.45053204894065857
479.0,0.4268518388271332,0.5033854246139526,0.12777778506278992,0.10885416716337204,0.37254905700683594,0.5563337206840515,0.3649561107158661,0.5383719801902771,0.48972031474113464,0.4490814507007599
480.0,0.4194444417953491,0.49921876192092896,0.14444445073604584,0.10468749701976776,0.355212539434433,0.5515403151512146,0.3494485914707184,0.5344997644424438,0.4889707863330841,0.44739410281181335
481.0,0.41342592239379883,0.4950520694255829,0.16018518805503845,0.10052083432674408,0.3380413353443146,0.5447381138801575,0.3359660506248474,0.5304426550865173,0.48830658197402954,0.4451262056827545
482.0,0.4087963104248047,0.49166667461395264,0.17314815521240234,0.09583333134651184,0.32558485865592957,0.5394351482391357,0.3236270248889923,0.5239951610565186,0.48905250430107117,0.4440866708755493
483.0,0.4018518626689911,0.48619791865348816,0.18518517911434174,0.0859375,0.3106359839439392,0.5309151411056519,0.31036654114723206,0.512971818447113,0.4902495741844177,0.44488877058029175
484.0,0.3967592716217041,0.4828124940395355,0.19907407462596893,0.08020833134651184,0.2974909543991089,0.5234528183937073,0.30222785472869873,0.505224883556366,0.490530401468277,0.44361433386802673
485.0,0.3921296298503876,0.47864583134651184,0.2083333283662796,0.07604166865348816,0.2853672504425049,0.5172855854034424,0.29506418108940125,0.5009555220603943,0.48773109912872314,0.44003912806510925
486.0,0.3879629671573639,0.4739583432674408,0.2203703671693802,0.06875000149011612,0.2757318317890167,0.5089606642723083,0.2850172817707062,0.4905788004398346,0.49263158440589905,0.440554141998291
487.0,0.3828703761100769,0.4703125059604645,0.22685185074806213,0.06458333134651184,0.26829779148101807,0.5017978549003601,0.2773110866546631,0.4818915128707886,0.49660301208496094,0.4379991888999939
488.0,0.38055557012557983,0.4645833373069763,0.2370370328426361,0.05520833283662796,0.2619241178035736,0.489974707365036,0.2747558653354645,0.4801466166973114,0.4975774586200714,0.4377231299877167
489.0,0.38240739703178406,0.46171873807907104,0.24074074625968933,0.05052083358168602,0.2627898156642914,0.4782637357711792,0.271217405796051,0.46881434321403503,0.49997571110725403,0.4356674551963806
490.0,0.37731480598449707,0.45234376192092896,0.23981481790542603,0.03072916716337204,0.24927501380443573,0.4629017412662506,0.2606348395347595,0.46487995982170105,0.49168023467063904,0.4358193278312683
491.0,0.3759259283542633,0.44843751192092896,0.2537037134170532,0.02604166604578495,0.24340416491031647,0.45412948727607727,0.25198227167129517,0.4571981132030487,0.4980904459953308,0.4337822496891022
492.0,0.3740740716457367,0.4468750059604645,0.24629630148410797,0.02395833283662796,0.2502583861351013,0.45426931977272034,0.2631206214427948,0.44895943999290466,0.49093154072761536,0.4333941340446472
493.0,0.3787037134170532,0.4429687559604645,0.25555557012557983,0.01822916604578495,0.2545323371887207,0.4488992989063263,0.2663903832435608,0.44294360280036926,0.5017995834350586,0.43321162462234497
494.0,0.3837963044643402,0.43567708134651184,0.2638888955116272,0.01718750037252903,0.2518472671508789,0.4444207549095154,0.26894888281822205,0.42955049872398376,0.5109378695487976,0.43299993872642517
495.0,0.3837963044643402,0.4273437559604645,0.27314814925193787,0.01718750037252903,0.25034022331237793,0.43396902084350586,0.26740291714668274,0.42115911841392517,0.5112673044204712,0.4303148090839386
496.0,0.3898148238658905,0.421875,0.27407407760620117,0.01875000074505806,0.25444281101226807,0.42627808451652527,0.2732360363006592,0.41271907091140747,0.5216799974441528,0.4297650158405304
497.0,0.39629629254341125,0.41848957538604736,0.27222222089767456,0.02447916753590107,0.26235002279281616,0.42160654067993164,0.2846023142337799,0.40610817074775696,0.5242351293563843,0.4311777353286743
498.0,0.4018518626689911,0.41484373807907104,0.2648148238658905,0.03281249850988388,0.27026358246803284,0.4133324921131134,0.29363179206848145,0.3981984853744507,0.5237647294998169,0.4315817654132843
499.0,0.40324074029922485,0.4111979305744171,0.26759257912635803,0.03697916492819786,0.26836758852005005,0.4052756726741791,0.2949713170528412,0.3931942880153656,0.5295652747154236,0.4301660358905792
500.0,0.41018518805503845,0.40807291865348816,0.25925925374031067,0.04322916641831398,0.27778294682502747,0.3992028832435608,0.30604252219200134,0.38754701614379883,0.5311100482940674,0.4303640127182007
501.0,0.41527777910232544,0.4049479067325592,0.25462964177131653,0.04739583283662796,0.2853087782859802,0.3887367844581604,0.31103867292404175,0.3808668851852417,0.5347045063972473,0.4304138720035553
502.0,0.42222222685813904,0.40234375,0.2518518567085266,0.05364583432674408,0.29328131675720215,0.38188034296035767,0.31781360507011414,0.37551161646842957,0.5377132296562195,0.4310392737388611
503.0,0.4296296238899231,0.40052083134651184,0.24444444477558136,0.05937499925494194,0.30411025881767273,0.3742169439792633,0.3296215236186981,0.37072092294692993,0.5425366163253784,0.43190470337867737
504.0,0.4356481432914734,0.39791667461395264,0.2361111044883728,0.06354166567325592,0.31203749775886536,0.3693804442882538,0.33674418926239014,0.36606380343437195,0.5466502904891968,0.430273175239563
505.0,0.4435185194015503,0.3960937559604645,0.22777777910232544,0.06718750298023224,0.32625076174736023,0.36902323365211487,0.3521850109100342,0.3628515899181366,0.5484806895256042,0.4290512502193451
506.0,0.4513888955116272,0.3932291567325592,0.2212962955236435,0.07083333283662796,0.34111326932907104,0.36299005150794983,0.3584681749343872,0.35959821939468384,0.5533076524734497,0.4278770089149475
507.0,0.4583333432674408,0.3916666805744171,0.21481481194496155,0.07500000298023224,0.351248174905777,0.35923993587493896,0.37149158120155334,0.35535523295402527,0.5543513894081116,0.4292248785495758
508.0,0.46898147463798523,0.39140623807907104,0.20092593133449554,0.0807291641831398,0.36505454778671265,0.34946009516716003,0.3829208016395569,0.35437628626823425,0.5654245018959045,0.43097683787345886
509.0,0.4782407283782959,0.38984376192092896,0.1935185194015503,0.08489583432674408,0.38129183650016785,0.34664931893348694,0.39312684535980225,0.35473763942718506,0.5721020698547363,0.4309166371822357
510.0,0.48472222685813904,0.3882812559604645,0.182407408952713,0.08697916567325592,0.3918571174144745,0.3448081314563751,0.4070756435394287,0.34688085317611694,0.5721551775932312,0.4305897653102875
511.0,0.49537035822868347,0.3877604305744171,0.17407406866550446,0.09010417014360428,0.4086866080760956,0.34163960814476013,0.41737714409828186,0.3494877517223358,0.5805482864379883,0.4311930239200592
512.0,0.5055555701255798,0.38749998807907104,0.1648148149251938,0.09062500298023224,0.4212099015712738,0.34138697385787964,0.438966304063797,0.3465229570865631,0.5823312997817993,0.4310515522956848
513.0,0.5134259462356567,0.38749998807907104,0.14907407760620117,0.09270833432674408,0.4383900463581085,0.3407692611217499,0.4502325654029846,0.34399935603141785,0.5898736119270325,0.43147972226142883
514.0,0.5231481194496155,0.3877604305744171,0.14259259402751923,0.09531249850988388,0.4573197066783905,0.33893218636512756,0.4674795866012573,0.34255990386009216,0.5943827033042908,0.4336029291152954
515.0,0.5324074029922485,0.3880208432674408,0.13148148357868195,0.09791667014360428,0.4721487760543823,0.3385322391986847,0.4799453616142273,0.3417796492576599,0.6006516814231873,0.4349370300769806
516.0,0.5407407283782959,0.3882812559604645,0.1259259283542633,0.09843750298023224,0.4788140058517456,0.33719587326049805,0.4941231608390808,0.34054097533226013,0.6042295098304749,0.4352456033229828
517.0,0.550000011920929,0.3890624940395355,0.11296296119689941,0.10104166716337204,0.49676796793937683,0.3374394178390503,0.5055884718894958,0.34590616822242737,0.6079661250114441,0.4382694661617279
518.0,0.5592592358589172,0.38984376192092896,0.10000000149011612,0.1015625,0.5119601488113403,0.3364923298358917,0.523940920829773,0.34324467182159424,0.6122146844863892,0.4398541748523712
519.0,0.5685185194015503,0.38984376192092896,0.08888889104127884,0.10364583134651184,0.5286813974380493,0.3371017575263977,0.536435604095459,0.3463931381702423,0.6152583956718445,0.4411444067955017
520.0,0.5791666507720947,0.39114582538604736,0.07870370149612427,0.10520832985639572,0.5406389236450195,0.3360840678215027,0.5574787855148315,0.3432050347328186,0.6186363697052002,0.4435828626155853
521.0,0.5884259343147278,0.3921875059604645,0.06759259104728699,0.10520832985639572,0.5567662119865417,0.3378993272781372,0.5726315975189209,0.3455013036727905,0.6222723722457886,0.4455004930496216
522.0,0.5972222089767456,0.3947916626930237,0.0555555559694767,0.10833333432674408,0.5707669854164124,0.3424726128578186,0.5816031098365784,0.3522435426712036,0.6270216107368469,0.44883909821510315
523.0,0.6050925850868225,0.3960937559604645,0.04722222313284874,0.10572917014360428,0.5877220630645752,0.34391480684280396,0.5893284678459167,0.35319557785987854,0.6285357475280762,0.45074301958084106
524.0,0.6138888597488403,0.39765626192092896,0.03703703731298447,0.1067708358168602,0.603814959526062,0.3435811698436737,0.6056979298591614,0.35748985409736633,0.6316429376602173,0.45185115933418274
525.0,0.6231481432914734,0.4000000059604645,0.024074073880910873,0.10625000298023224,0.6170655488967896,0.3457549810409546,0.6232134699821472,0.3609425723552704,0.6375486254692078,0.45197445154190063
526.0,0.6342592835426331,0.40156251192092896,0.018518518656492233,0.10625000298023224,0.6305899620056152,0.34496280550956726,0.6384139657020569,0.36504414677619934,0.6348673105239868,0.45721927285194397
527.0,0.6509259343147278,0.4039062559604645,0.024074073880910873,0.10468749701976776,0.6515331864356995,0.35359394550323486,0.6525890827178955,0.36685842275619507,0.6389834880828857,0.45818811655044556
528.0,0.6601851582527161,0.40625,0.031481482088565826,0.10312499850988388,0.661211371421814,0.35565078258514404,0.666831910610199,0.3678320646286011,0.6429665088653564,0.45939725637435913
529.0,0.667129635810852,0.4088541567325592,0.0416666679084301,0.10208333283662796,0.6765922904014587,0.35932832956314087,0.6776073575019836,0.3714839220046997,0.6449583172798157,0.46254679560661316
530.0,0.6740740537643433,0.4117187559604645,0.05000000074505806,0.1015625,0.6877654194831848,0.36393335461616516,0.6929186582565308,0.3770241439342499,0.6471498608589172,0.46348053216934204
531.0,0.6814814805984497,0.4138020873069763,0.05740740895271301,0.09947916865348816,0.6987543106079102,0.36568400263786316,0.7012481093406677,0.37758350372314453,0.652588427066803,0.46442529559135437
532.0,0.6870370507240295,0.41718751192092896,0.06481481343507767,0.0989583358168602,0.7098841071128845,0.3699609041213989,0.7127537727355957,0.3831771910190582,0.654309093952179,0.4665945768356323
533.0,0.6967592835426331,0.4203124940395355,0.07685185223817825,0.09583333134651184,0.7274954319000244,0.37466126680374146,0.7252445220947266,0.38706570863723755,0.6568297147750854,0.46937641501426697
534.0,0.7027778029441833,0.42395833134651184,0.0833333358168602,0.09270833432674408,0.7400920391082764,0.37857356667518616,0.7412527799606323,0.3930455148220062,0.6589651703834534,0.46966317296028137
535.0,0.7092592716217041,0.42656248807907104,0.09074074029922485,0.09375,0.7470602989196777,0.3829898238182068,0.7497190237045288,0.3959963917732239,0.6623277068138123,0.47442808747291565
536.0,0.7162036895751953,0.4307291805744171,0.10092592239379883,0.08958332985639572,0.7608639597892761,0.3878156244754791,0.7581636905670166,0.39824894070625305,0.6659262180328369,0.4763076603412628
537.0,0.7222222089767456,0.43411457538604736,0.10555555671453476,0.08802083134651184,0.7702577114105225,0.3934909701347351,0.7634658217430115,0.4029988646507263,0.6693240404129028,0.47885268926620483
538.0,0.7268518805503845,0.4388020932674408,0.11296296119689941,0.08385416865348816,0.7797104120254517,0.397727906703949,0.7750767469406128,0.4079619348049164,0.6706984043121338,0.4811376929283142
539.0,0.7314814925193787,0.4424479305744171,0.12037037312984467,0.08177082985639572,0.788856565952301,0.40274932980537415,0.7858186960220337,0.4129498302936554,0.6729286313056946,0.483312726020813
540.0,0.737500011920929,0.44583332538604736,0.1268518567085266,0.078125,0.7987838387489319,0.40900468826293945,0.7922059893608093,0.41887614130973816,0.6749293804168701,0.48548588156700134
541.0,0.7407407164573669,0.4505208432674408,0.13703703880310059,0.07604166865348816,0.8087741732597351,0.4133530855178833,0.8034157752990723,0.4233284294605255,0.6724849343299866,0.4885055720806122
542.0,0.7462962865829468,0.4533854126930237,0.1388888955116272,0.07343749701976776,0.8144638538360596,0.41903722286224365,0.8083773255348206,0.4288991689682007,0.6763569116592407,0.4901376962661743
543.0,0.75,0.45781248807907104,0.14629629254341125,0.07083333283662796,0.8239887356758118,0.4241621792316437,0.8151739239692688,0.4343402683734894,0.6759519577026367,0.4928804039955139
544.0,0.7527777552604675,0.4638020694255829,0.1518518477678299,0.0651041641831398,0.8302302956581116,0.4335423409938812,0.8229849934577942,0.44439399242401123,0.6765297651290894,0.4972429573535919
545.0,0.7583333253860474,0.4658854305744171,0.15555556118488312,0.0651041641831398,0.8357560038566589,0.4355066120624542,0.8308143615722656,0.4475015103816986,0.6805294752120972,0.4992808401584625
546.0,0.7597222328186035,0.4697916805744171,0.1675925999879837,0.06875000149011612,0.8398889303207397,0.43881386518478394,0.839884877204895,0.45498189330101013,0.6666530966758728,0.5070047974586487
547.0,0.7652778029441833,0.4729166626930237,0.17314815521240234,0.0625,0.8517517447471619,0.4440983235836029,0.8481690287590027,0.45835888385772705,0.6742711067199707,0.5058756470680237
548.0,0.7680555582046509,0.4768229126930237,0.17870371043682098,0.06093750149011612,0.8505859971046448,0.44921961426734924,0.8460792899131775,0.4640880227088928,0.6800128221511841,0.5059136748313904
549.0,0.7722222208976746,0.48124998807907104,0.18888889253139496,0.0572916679084301,0.8651041984558105,0.4550432860851288,0.8556250333786011,0.46887704730033875,0.6749913692474365,0.5091986656188965
550.0,0.7754629850387573,0.48489582538604736,0.18981482088565826,0.05104166641831398,0.8715927600860596,0.4588928818702698,0.8632906675338745,0.47250086069107056,0.6789963841438293,0.5118761658668518
551.0,0.7791666388511658,0.4880208373069763,0.1935185194015503,0.04791666567325592,0.8781055808067322,0.4644312560558319,0.8694719672203064,0.4784424901008606,0.6796520352363586,0.5132147669792175
552.0,0.7819444537162781,0.49140626192092896,0.20092593133449554,0.0442708320915699,0.8804851770401001,0.4697922170162201,0.8721591234207153,0.4870454967021942,0.6783117055892944,0.5143554210662842
553.0,0.7814815044403076,0.4958333373069763,0.2092592567205429,0.0416666679084301,0.8823051452636719,0.4750758409500122,0.873216986656189,0.4968399405479431,0.6708841919898987,0.516576886177063
554.0,0.7856481671333313,0.49921876192092896,0.21203704178333282,0.0390625,0.8870921730995178,0.4802025854587555,0.875927209854126,0.5008952021598816,0.674962043762207,0.5172876715660095
555.0,0.7865740656852722,0.5033854246139526,0.21388888359069824,0.03489583358168602,0.8877283334732056,0.4873805046081543,0.8775134086608887,0.5061433911323547,0.6765928864479065,0.5195457935333252
556.0,0.7893518805503845,0.5067708492279053,0.21759259700775146,0.03125,0.8918663263320923,0.49141719937324524,0.8814231157302856,0.5122573971748352,0.6770136952400208,0.5207828879356384
557.0,0.7888888716697693,0.510937511920929,0.2222222238779068,0.02604166604578495,0.8966418504714966,0.49699321389198303,0.884674608707428,0.5195428133010864,0.6749002933502197,0.5227143168449402
558.0,0.7893518805503845,0.5138021111488342,0.22685185074806213,0.0234375,0.9012768268585205,0.5016642212867737,0.8896600008010864,0.522202730178833,0.6831687092781067,0.5259653925895691
559.0,0.7907407283782959,0.5169270634651184,0.23333333432674408,0.02031249925494194,0.9038856625556946,0.507034182548523,0.8903785943984985,0.5267724394798279,0.6802937388420105,0.5261690020561218
560.0,0.7902777791023254,0.5213541388511658,0.2361111044883728,0.01770833320915699,0.9041190147399902,0.5116552710533142,0.8919615745544434,0.5307157039642334,0.6796862483024597,0.529345691204071
561.0,0.7912036776542664,0.5249999761581421,0.23981481790542603,0.015625,0.9074581861495972,0.5178501009941101,0.8924016952514648,0.5336034893989563,0.6791910529136658,0.531563401222229
562.0,0.7916666865348816,0.5317708253860474,0.23888888955116272,0.015625,0.9105023145675659,0.5265429615974426,0.8921407461166382,0.535877525806427,0.6769120097160339,0.5322579145431519
563.0,0.7925925850868225,0.5346354246139526,0.24259258806705475,0.013020833022892475,0.9105887413024902,0.5308118462562561,0.89214688539505,0.5399730205535889,0.6787646412849426,0.5328277945518494
564.0,0.792129635810852,0.5411458611488342,0.24351851642131805,0.01354166679084301,0.9114754796028137,0.5376492738723755,0.8926295638084412,0.5461017489433289,0.6779598593711853,0.5352165699005127
565.0,0.793055534362793,0.5440104007720947,0.24537037312984467,0.015104166232049465,0.9120697379112244,0.5399792194366455,0.8932822942733765,0.5511674284934998,0.6770620942115784,0.53621906042099
566.0,0.7949073910713196,0.547656238079071,0.24351851642131805,0.01927083358168602,0.9131688475608826,0.5457265377044678,0.8931902050971985,0.5566005706787109,0.6786152124404907,0.5384897589683533
567.0,0.7958333492279053,0.5510416626930237,0.23981481790542603,0.01875000074505806,0.91336590051651,0.5499662160873413,0.8936542272567749,0.5594789385795593,0.6832962036132812,0.540197491645813
568.0,0.7976852059364319,0.5544270873069763,0.23981481790542603,0.02239583246409893,0.9134984016418457,0.5547019839286804,0.8934184312820435,0.5645251870155334,0.6842114925384521,0.5421415567398071
569.0,0.7986111044883728,0.5575520992279053,0.23796296119689941,0.02552083320915699,0.91599440574646,0.5592447519302368,0.8946664333343506,0.5685004591941833,0.6825370788574219,0.544136106967926
570.0,0.7986111044883728,0.5591145753860474,0.23796296119689941,0.02760416641831398,0.914315938949585,0.5613172650337219,0.8937249779701233,0.5729343295097351,0.6808706521987915,0.5453882813453674
571.0,0.7976852059364319,0.5614583492279053,0.23981481790542603,0.03020833246409893,0.9141000509262085,0.5647579431533813,0.8937051296234131,0.577876627445221,0.6789013743400574,0.5470556616783142
572.0,0.7958333492279053,0.5638020634651184,0.24166665971279144,0.0338541679084301,0.9140501022338867,0.5695415139198303,0.8942488431930542,0.5835736393928528,0.6753050088882446,0.5476247072219849
573.0,0.793055534362793,0.5666666626930237,0.24351851642131805,0.03854166716337204,0.9126113057136536,0.5754829049110413,0.8902642726898193,0.5853918790817261,0.6725565791130066,0.5479864478111267
574.0,0.793055534362793,0.5684896111488342,0.24351851642131805,0.04010416567325592,0.9123424291610718,0.5776993632316589,0.8903432488441467,0.5881919860839844,0.6714497804641724,0.5486528277397156
575.0,0.7939814925193787,0.5705729126930237,0.24166665971279144,0.04114583507180214,0.9124088883399963,0.5815531015396118,0.8905147314071655,0.5930652022361755,0.6723307371139526,0.5491357445716858
576.0,0.7925925850868225,0.5729166865348816,0.24259258806705475,0.04479166492819786,0.9114436507225037,0.5877614617347717,0.8882537484169006,0.5959121584892273,0.671457827091217,0.5498335957527161
577.0,0.7925925850868225,0.57421875,0.24629630148410797,0.04531250149011612,0.9118980169296265,0.5900468826293945,0.8892021179199219,0.5975354909896851,0.6701936721801758,0.5512961149215698
578.0,0.7916666865348816,0.5765625238418579,0.24629630148410797,0.046875,0.9108288288116455,0.5970340967178345,0.8919453620910645,0.5984221696853638,0.6684810519218445,0.5519495010375977
579.0,0.789814829826355,0.5786458253860474,0.24629630148410797,0.05000000074505806,0.9093868136405945,0.6010772585868835,0.8929798603057861,0.596255898475647,0.6642062664031982,0.5545482039451599
580.0,0.7888888716697693,0.5804687738418579,0.2481481432914734,0.05364583432674408,0.9097077250480652,0.6030076146125793,0.8900142312049866,0.6030315160751343,0.6645241975784302,0.5534477233886719
581.0,0.7865740656852722,0.5822916626930237,0.2509259283542633,0.0572916679084301,0.906047523021698,0.6080642938613892,0.8888664245605469,0.6057151556015015,0.6587927341461182,0.5533914566040039
582.0,0.7861111164093018,0.5838541388511658,0.2518518567085266,0.05833333358168602,0.9053305983543396,0.6121960878372192,0.8892865777015686,0.6093912124633789,0.6585333943367004,0.5539620518684387
583.0,0.7819444537162781,0.5856770873069763,0.24166665971279144,0.06093750149011612,0.897487998008728,0.6149206161499023,0.8838400840759277,0.6096469759941101,0.6551914811134338,0.5553799867630005
584.0,0.7754629850387573,0.5880208611488342,0.22870370745658875,0.0625,0.8858348727226257,0.6118267774581909,0.866157591342926,0.6147069334983826,0.6611485481262207,0.5550342798233032
585.0,0.7787036895751953,0.5888020992279053,0.2351851910352707,0.06406249850988388,0.8920438885688782,0.612963080406189,0.8704504370689392,0.6171081066131592,0.6618738770484924,0.5554206967353821
586.0,0.7800925970077515,0.590624988079071,0.24166665971279144,0.06666667014360428,0.8972961902618408,0.6224216222763062,0.8833035826683044,0.6183553338050842,0.6522284746170044,0.5567811727523804
587.0,0.7773148417472839,0.5921875238418579,0.23425926268100739,0.0677083358168602,0.8912477493286133,0.6241040825843811,0.8779040575027466,0.6193574070930481,0.6522461175918579,0.5573523044586182
588.0,0.7699074149131775,0.5934895873069763,0.2231481522321701,0.0703125,0.8802780508995056,0.6238086223602295,0.8662753105163574,0.6218813061714172,0.654697835445404,0.5570281744003296
589.0,0.7712963223457336,0.5942708253860474,0.2240740805864334,0.07083333283662796,0.8820558190345764,0.6265395283699036,0.8703174591064453,0.6239261627197266,0.656341016292572,0.5577142834663391
590.0,0.7754629850387573,0.5960937738418579,0.23425926268100739,0.07343749701976776,0.8938929438591003,0.6320245265960693,0.881729006767273,0.6278231143951416,0.6521371603012085,0.5587813854217529
591.0,0.7759259343147278,0.596875011920929,0.24259258806705475,0.07604166865348816,0.8931134343147278,0.6331246495246887,0.8757390975952148,0.6301462650299072,0.6518200039863586,0.558308482170105
592.0,0.7773148417472839,0.5979166626930237,0.24351851642131805,0.07708333432674408,0.8946171402931213,0.6347417235374451,0.8769766092300415,0.6327239274978638,0.6515090465545654,0.5588626265525818
593.0,0.7763888835906982,0.5989583134651184,0.24351851642131805,0.07916666567325592,0.8956310153007507,0.6347736120223999,0.8746118545532227,0.634636640548706,0.6509822607040405,0.5585822463035583
594.0,0.7768518328666687,0.5994791388511658,0.24444444477558136,0.07916666567325592,0.8977146148681641,0.6336570978164673,0.8742568492889404,0.6368342638015747,0.6522550582885742,0.5593124032020569
595.0,0.7763888835906982,0.600781261920929,0.24166665971279144,0.07968749850988388,0.8953874707221985,0.6368600726127625,0.8738656044006348,0.637074887752533,0.6518567800521851,0.5605932474136353
596.0,0.7773148417472839,0.6013020873069763,0.24166665971279144,0.0807291641831398,0.8966016173362732,0.6376913189888,0.8753073811531067,0.6384159326553345,0.6541657447814941,0.5615087747573853
597.0,0.7768518328666687,0.6020833253860474,0.24074074625968933,0.08124999701976776,0.8967357277870178,0.6391717791557312,0.8749305605888367,0.6409181952476501,0.6518770456314087,0.5613310933113098
598.0,0.7759259343147278,0.602343738079071,0.24074074625968933,0.08177082985639572,0.8952564597129822,0.6404959559440613,0.874122679233551,0.6419904828071594,0.653674304485321,0.5621257424354553
599.0,0.7754629850387573,0.6028645634651184,0.23981481790542603,0.08281250298023224,0.8938933610916138,0.6415765881538391,0.8729056715965271,0.6417592167854309,0.6530472040176392,0.5629203915596008
600.0,0.7745370268821716,0.6041666865348816,0.23981481790542603,0.08437500149011612,0.8929306864738464,0.6435229778289795,0.8722125291824341,0.6429410576820374,0.6517199277877808,0.5628032088279724
601.0,0.7759259343147278,0.60546875,0.23888888955116272,0.0859375,0.8922860026359558,0.6479246616363525,0.8681453466415405,0.6517627835273743,0.6539218425750732,0.5634105801582336
602.0,0.7749999761581421,0.606249988079071,0.2370370328426361,0.08645833283662796,0.8890931010246277,0.646844744682312,0.8643766045570374,0.6522586941719055,0.6538741588592529,0.5634433031082153
603.0,0.7740740776062012,0.6065104007720947,0.2370370328426361,0.08697916567325592,0.889274001121521,0.6478242874145508,0.866073727607727,0.6503437161445618,0.6527584195137024,0.5643081665039062
604.0,0.7736111283302307,0.6072916388511658,0.2361111044883728,0.0885416641831398,0.8903446793556213,0.6507732272148132,0.8674772381782532,0.6523544192314148,0.6521911025047302,0.5637208819389343
605.0,0.7731481194496155,0.6070312261581421,0.2370370328426361,0.08802083134651184,0.888380765914917,0.6495477557182312,0.8647083640098572,0.6529001593589783,0.6509898900985718,0.5640031099319458
606.0,0.7717592716217041,0.6072916388511658,0.23796296119689941,0.0885416641831398,0.8859976530075073,0.6489341855049133,0.8623389005661011,0.6522433757781982,0.6498821973800659,0.5639097690582275
607.0,0.7717592716217041,0.6075521111488342,0.2361111044883728,0.08906249701976776,0.8853538036346436,0.649196207523346,0.8605437874794006,0.6542016267776489,0.6500511765480042,0.5640780925750732
608.0,0.7717592716217041,0.6078125238418579,0.23796296119689941,0.0885416641831398,0.8863236308097839,0.64954674243927,0.8623313903808594,0.6533910036087036,0.6500102877616882,0.5647233128547668
609.0,0.7712963223457336,0.6075521111488342,0.23888888955116272,0.08906249701976776,0.8865679502487183,0.6509385704994202,0.8636758923530579,0.6529108285903931,0.6474360227584839,0.5644257664680481
610.0,0.7712963223457336,0.6078125238418579,0.23888888955116272,0.0885416641831398,0.886918306350708,0.6502723693847656,0.8634532690048218,0.6526941657066345,0.6482294797897339,0.5646125078201294
611.0,0.7722222208976746,0.6078125238418579,0.24074074625968933,0.0885416641831398,0.8882462382316589,0.6521746516227722,0.8651711940765381,0.6541910171508789,0.648224413394928,0.565025269985199
612.0,0.7712963223457336,0.6083333492279053,0.24074074625968933,0.08958332985639572,0.8847846984863281,0.65071702003479,0.8612488508224487,0.6513537764549255,0.6485777497291565,0.5655631422996521
613.0,0.7708333134651184,0.6080729365348816,0.24351851642131805,0.09010417014360428,0.8868379592895508,0.6511936187744141,0.8632643818855286,0.653768002986908,0.645496129989624,0.5632525682449341
614.0,0.7712963223457336,0.6088541746139526,0.24444444477558136,0.09062500298023224,0.8865392208099365,0.650634229183197,0.8622727394104004,0.6531438231468201,0.6472336649894714,0.5656231641769409
615.0,0.7708333134651184,0.6088541746139526,0.24351851642131805,0.09062500298023224,0.8860018849372864,0.6511725187301636,0.8622552156448364,0.653055727481842,0.6460355520248413,0.5649740099906921
616.0,0.7712963223457336,0.6083333492279053,0.24629630148410797,0.09062500298023224,0.886055052280426,0.6506317257881165,0.8615820407867432,0.6534712910652161,0.6455039978027344,0.564976692199707
617.0,0.770370364189148,0.608593761920929,0.24259258806705475,0.09010417014360428,0.8864412903785706,0.6516550779342651,0.8629168272018433,0.6548776030540466,0.6451519727706909,0.5644500851631165
618.0,0.7689814567565918,0.6088541746139526,0.23981481790542603,0.09062500298023224,0.8852903246879578,0.6527942419052124,0.8630629777908325,0.6535043716430664,0.6437614560127258,0.5645272731781006
619.0,0.7685185074806213,0.6088541746139526,0.24074074625968933,0.09062500298023224,0.8854084610939026,0.6525794863700867,0.8628972768783569,0.6539679765701294,0.642814040184021,0.5640677809715271
620.0,0.7685185074806213,0.608593761920929,0.24259258806705475,0.09010417014360428,0.8855715394020081,0.6521266102790833,0.862820565700531,0.6535676121711731,0.6417968273162842,0.5642975568771362
621.0,0.7666666507720947,0.608593761920929,0.24259258806705475,0.0911458358168602,0.8845125436782837,0.6519432067871094,0.8614543080329895,0.6535631418228149,0.6403369903564453,0.5640267729759216
622.0,0.7643518447875977,0.608593761920929,0.24166665971279144,0.0911458358168602,0.882095217704773,0.6514979600906372,0.8589445948600769,0.6532877683639526,0.6377785205841064,0.5637944936752319
623.0,0.7638888955116272,0.6088541746139526,0.24259258806705475,0.09166666865348816,0.8814535140991211,0.652062714099884,0.8581057190895081,0.6522491574287415,0.6391511559486389,0.56586754322052
624.0,0.7648147940635681,0.6088541746139526,0.24259258806705475,0.09062500298023224,0.8824638724327087,0.6523147821426392,0.8598911166191101,0.6535646319389343,0.6384270191192627,0.5643647909164429
625.0,0.7620370388031006,0.6091145873069763,0.23888888955116272,0.0911458358168602,0.8789080381393433,0.6514613628387451,0.8561389446258545,0.6524709463119507,0.638347327709198,0.5641404986381531
626.0,0.7615740895271301,0.6091145873069763,0.23796296119689941,0.09218750149011612,0.877845287322998,0.6522443890571594,0.8549052476882935,0.6528329253196716,0.6377215385437012,0.5642664432525635
627.0,0.7611111402511597,0.6091145873069763,0.2370370328426361,0.0911458358168602,0.8774381875991821,0.6515006422996521,0.8541618585586548,0.6525720953941345,0.6383323669433594,0.5644799470901489
628.0,0.7606481313705444,0.6091145873069763,0.23796296119689941,0.09218750149011612,0.8766235709190369,0.6516908407211304,0.853617787361145,0.6521894931793213,0.6368948221206665,0.5638459920883179
629.0,0.7606481313705444,0.608593761920929,0.23796296119689941,0.0911458358168602,0.8777900338172913,0.651468813419342,0.8550233840942383,0.6516475677490234,0.6363029479980469,0.5638003945350647
630.0,0.7606481313705444,0.6088541746139526,0.2361111044883728,0.09166666865348816,0.8770322203636169,0.6518911123275757,0.8543698191642761,0.6517232656478882,0.637215793132782,0.5640164613723755
